#
# There is insufficient memory for the Java Runtime Environment to continue.
# Native memory allocation (mmap) failed to map 859832320 bytes. Error detail: G1 virtual space
# Possible reasons:
#   The system is out of physical RAM or swap space
#   This process is running with CompressedOops enabled, and the Java Heap may be blocking the growth of the native heap
# Possible solutions:
#   Reduce memory load on the system
#   Increase physical memory or swap space
#   Check if swap backing store is full
#   Decrease Java heap size (-Xmx/-Xms)
#   Decrease number of Java threads
#   Decrease Java thread stack sizes (-Xss)
#   Set larger code cache with -XX:ReservedCodeCacheSize=
#   JVM is running with Zero Based Compressed Oops mode in which the Java heap is
#     placed in the first 32GB address space. The Java Heap base address is the
#     maximum limit for the native heap growth. Please use -XX:HeapBaseMinAddress
#     to set the Java Heap base and to place the Java Heap above 32GB virtual address.
# This output file may be truncated or incomplete.
#
#  Out of Memory Error (os_windows.cpp:3618), pid=2240, tid=28256
#
# JRE version: OpenJDK Runtime Environment Temurin-17.0.17+10 (17.0.17+10) (build 17.0.17+10)
# Java VM: OpenJDK 64-Bit Server VM Temurin-17.0.17+10 (17.0.17+10, mixed mode, sharing, tiered, compressed oops, compressed class ptrs, g1 gc, windows-amd64)
# No core dump will be written. Minidumps are not enabled by default on client versions of Windows
#

---------------  S U M M A R Y ------------

Command Line: --add-opens=java.base/java.lang=ALL-UNNAMED --add-opens=java.base/java.lang.invoke=ALL-UNNAMED --add-opens=java.base/java.util=ALL-UNNAMED --add-opens=java.prefs/java.util.prefs=ALL-UNNAMED --add-exports=jdk.compiler/com.sun.tools.javac.api=ALL-UNNAMED --add-exports=jdk.compiler/com.sun.tools.javac.util=ALL-UNNAMED --add-opens=java.base/java.util=ALL-UNNAMED --add-opens=java.prefs/java.util.prefs=ALL-UNNAMED --add-opens=java.base/java.nio.charset=ALL-UNNAMED --add-opens=java.base/java.net=ALL-UNNAMED --add-opens=java.base/java.util.concurrent.atomic=ALL-UNNAMED --add-opens=java.xml/javax.xml.namespace=ALL-UNNAMED -XX:MaxMetaspaceSize=4G -XX:ReservedCodeCacheSize=512m -XX:+HeapDumpOnOutOfMemoryError -Xmx8G -Dfile.encoding=UTF-8 -Duser.country=IN -Duser.language=en -Duser.variant -javaagent:C:\Users\panna\.gradle\wrapper\dists\gradle-8.14-all\c2qonpi39x1mddn7hk5gh9iqj\gradle-8.14\lib\agents\gradle-instrumentation-agent-8.14.jar org.gradle.launcher.daemon.bootstrap.GradleDaemon 8.14

Host: AMD Ryzen 7 4800H with Radeon Graphics         , 16 cores, 7G,  Windows 11 , 64 bit Build 26100 (10.0.26100.9168)
Time: Thu Aug 20 11:03:37 2026 India Standard Time elapsed time: 2495.772869 seconds (0d 0h 41m 35s)

---------------  T H R E A D  ---------------

Current thread (0x000002017fb02010):  VMThread "VM Thread" [stack: 0x000000e0abb00000,0x000000e0abc00000] [id=28256]

Stack: [0x000000e0abb00000,0x000000e0abc00000]
Native frames: (J=compiled Java code, j=interpreted, Vv=VM code, C=native code)
V  [jvm.dll+0x683fb9]
V  [jvm.dll+0x83a1b5]
V  [jvm.dll+0x83bc2e]
V  [jvm.dll+0x83c2b3]
V  [jvm.dll+0x248eff]
V  [jvm.dll+0x680d79]
V  [jvm.dll+0x675b7a]
V  [jvm.dll+0x3091a7]
V  [jvm.dll+0x310776]
V  [jvm.dll+0x360bbe]
V  [jvm.dll+0x360dfd]
V  [jvm.dll+0x2e022c]
V  [jvm.dll+0x2de602]
V  [jvm.dll+0x2ddd9c]
V  [jvm.dll+0x320a3b]
V  [jvm.dll+0x840acd]
V  [jvm.dll+0x841803]
V  [jvm.dll+0x841d2f]
V  [jvm.dll+0x842115]
V  [jvm.dll+0x8421de]
V  [jvm.dll+0x7ea44c]
V  [jvm.dll+0x682e87]
C  [ucrtbase.dll+0x2cd30]
C  [KERNEL32.DLL+0x2ccb7]
C  [ntdll.dll+0xaad6c]

VM_Operation (0x000000e0b0bfc220): G1CollectForAllocation, mode: safepoint, requested by thread 0x00000201c753b570


---------------  P R O C E S S  ---------------

Threads class SMR info:
_java_thread_list=0x00000201e3006c20, length=239, elements={
0x00000201476bb6c0, 0x000002017cccffb0, 0x000002017ccd2a90, 0x000002017cced8b0,
0x000002017ccee180, 0x000002017cceea50, 0x000002017fb05240, 0x000002017fb09340,
0x000002017fb2f8d0, 0x000002017fb301e0, 0x000002017fbfa510, 0x000002017fd11850,
0x00000201c60ceb90, 0x00000201c63a74a0, 0x00000201c5fa60b0, 0x00000201c5829a90,
0x00000201c582b3e0, 0x00000201c582a9c0, 0x00000201c70ed370, 0x00000201c70edd90,
0x00000201c70ee2a0, 0x00000201c70f0100, 0x00000201c70ee7b0, 0x00000201c70f2980,
0x00000201c70f1f60, 0x00000201c70ef6e0, 0x00000201c70f33a0, 0x00000201c70f1540,
0x00000201c70f1a50, 0x00000201c70f3dc0, 0x00000201c70f42d0, 0x00000201c7079300,
0x00000201c70783d0, 0x00000201c7079810, 0x00000201c7077ec0, 0x00000201c7076060,
0x00000201c707a230, 0x00000201c707ac50, 0x00000201c707a740, 0x00000201c70779b0,
0x00000201c70774a0, 0x00000201c707cab0, 0x00000201c707cfc0, 0x00000201c707b160,
0x00000201c707b670, 0x00000201c707d9e0, 0x00000201c707bb80, 0x00000201cc6f7740,
0x00000201cc6f6300, 0x00000201cc6f8670, 0x00000201cc6fa4d0, 0x00000201c7536980,
0x00000201c7536e90, 0x00000201c75373a0, 0x00000201c75378b0, 0x00000201c7537dc0,
0x00000201c7538cf0, 0x00000201c7539c20, 0x00000201c75382d0, 0x00000201c7536470,
0x00000201c753b060, 0x00000201c753c9b0, 0x00000201c753ba80, 0x00000201c753b570,
0x00000201c753cec0, 0x00000201c753bf90, 0x00000201c753a130, 0x00000201c7539710,
0x00000201c753c4a0, 0x00000201c753d3d0, 0x00000201c753a640, 0x00000201c753d8e0,
0x00000201c753ab50, 0x00000201ca0ff150, 0x00000201ca0fd800, 0x00000201ca0fcde0,
0x00000201ca0fe730, 0x00000201ca0fd2f0, 0x00000201ca0ff660, 0x00000201ca0ffb70,
0x00000201ca0fdd10, 0x00000201ca0fe220, 0x00000201ca0fec40, 0x00000201ca100080,
0x00000201ca0fc8d0, 0x00000201ca103830, 0x00000201ca100aa0, 0x00000201ca101ee0,
0x00000201ca1019d0, 0x00000201ca103d40, 0x00000201ca102e10, 0x00000201ca104250,
0x00000201ca100fb0, 0x00000201ca1014c0, 0x00000201ca1023f0, 0x00000201ca102900,
0x00000201ca103320, 0x00000201c582aed0, 0x00000201c7079d20, 0x00000201cc8daf20,
0x00000201cc8db430, 0x00000201cc8da500, 0x00000201cc8daa10, 0x00000201cc8db940,
0x00000201cc8dbe50, 0x00000201cc8dc360, 0x00000201cc8dc870, 0x00000201cc8dd290,
0x00000201cc8dcd80, 0x00000201cc8dd7a0, 0x00000201cc8d9ff0, 0x00000201cc8e0f50,
0x00000201cc8de1c0, 0x00000201cc8de6d0, 0x00000201cc8dfb10, 0x00000201cd156260,
0x00000201cce6c330, 0x00000201cde8ae00, 0x00000201cde89ed0, 0x00000201cde8b820,
0x00000201cde8a3e0, 0x00000201cde8b310, 0x00000201cde8a8f0, 0x00000201ccc2b840,
0x00000201ccc2bd50, 0x00000201ccc2d190, 0x00000201ccc2c770, 0x00000201ccc2cc80,
0x00000201ccc2c260, 0x00000201ce1103d0, 0x00000201ce10f9b0, 0x00000201ce10f4a0,
0x00000201cdbf4ea0, 0x00000201cdbf53b0, 0x00000201cdbf4990, 0x00000201ca0d70f0,
0x00000201cda71070, 0x00000201cda71fa0, 0x00000201cda72ed0, 0x00000201cda71a90,
0x00000201cdd93930, 0x00000201cdd92a00, 0x00000201cdd92f10, 0x00000201cdd91fe0,
0x00000201cdd93420, 0x00000201cdd924f0, 0x00000201cd1cfa90, 0x00000201cd1cc7f0,
0x00000201cd1ccd00, 0x00000201cd1cffa0, 0x00000201cd1ce140, 0x00000201cd1cd720,
0x00000201cd1ce650, 0x00000201cd1cf070, 0x00000201cd1cdc30, 0x00000201cd1cf580,
0x00000201cd1ceb60, 0x00000201c6e65830, 0x00000201c6e62080, 0x00000201c6e643f0,
0x00000201c6e64e10, 0x00000201ce10ea80, 0x00000201ce10ef90, 0x00000201ce10e060,
0x00000201ce10fec0, 0x00000201ce1108e0, 0x00000201ce110df0, 0x00000201cc8df600,
0x00000201cc8e0020, 0x00000201cc8e0a40, 0x00000201cda70b60, 0x00000201cda71580,
0x00000201cda73e00, 0x00000201cda729c0, 0x00000201cda733e0, 0x00000201cda738f0,
0x00000201cda70650, 0x00000201c96f81f0, 0x00000201c874ea90, 0x00000201c874efa0,
0x00000201c874f9c0, 0x00000201c874e580, 0x00000201cc41c040, 0x00000201cc419cd0,
0x00000201cc41b110, 0x00000201cc41b620, 0x00000201cc41a1e0, 0x00000201cc41c550,
0x00000201cc41ca60, 0x00000201cc41bb30, 0x00000201cc41a6f0, 0x00000201cc41ac00,
0x00000201cc41cf70, 0x00000201cc41d480, 0x00000201cb7a12e0, 0x00000201cb7a17f0,
0x00000201cb7a1d00, 0x00000201cb7a0dd0, 0x00000201cb79fea0, 0x00000201c6e62590,
0x00000201c6e64900, 0x00000201c6e62aa0, 0x00000201c6e62fb0, 0x00000201c6e65320,
0x00000201c6e639d0, 0x00000201c6e63ee0, 0x00000201cd1cd210, 0x00000201cb48b060,
0x00000201cb48a640, 0x00000201cb48c4a0, 0x00000201cb488cf0, 0x00000201cb48b570,
0x00000201cb489c20, 0x00000201cb48bf90, 0x00000201cacf4a00, 0x00000201cacf4f10,
0x00000201cacf5420, 0x00000201cacc1fa0, 0x00000201cacc24b0, 0x00000201cb7a3140,
0x00000201cb7a2c30, 0x00000201ca6794a0, 0x00000201c643b590, 0x00000201ccbf2480,
0x00000201ccbf1550, 0x00000201cce50220, 0x00000201cce51150, 0x00000201ca0d61c0,
0x00000201ca0d4360, 0x00000201ce111300, 0x00000201ce111810, 0x00000201cd465710,
0x00000201cd465c20, 0x00000201cd462e90, 0x00000201cb48ab50, 0x00000201c70788e0,
0x00000201cce6c840, 0x00000201ce67ae40, 0x00000201ce67eb00
}

Java Threads: ( => current thread )
  0x00000201476bb6c0 JavaThread "main" [_thread_blocked, id=28104, stack(0x000000e0ab500000,0x000000e0ab600000)]
  0x000002017cccffb0 JavaThread "Reference Handler" daemon [_thread_blocked, id=3444, stack(0x000000e0abc00000,0x000000e0abd00000)]
  0x000002017ccd2a90 JavaThread "Finalizer" daemon [_thread_blocked, id=20872, stack(0x000000e0abd00000,0x000000e0abe00000)]
  0x000002017cced8b0 JavaThread "Signal Dispatcher" daemon [_thread_blocked, id=25904, stack(0x000000e0abe00000,0x000000e0abf00000)]
  0x000002017ccee180 JavaThread "Attach Listener" daemon [_thread_blocked, id=3596, stack(0x000000e0abf00000,0x000000e0ac000000)]
  0x000002017cceea50 JavaThread "Service Thread" daemon [_thread_blocked, id=28148, stack(0x000000e0ac000000,0x000000e0ac100000)]
  0x000002017fb05240 JavaThread "Monitor Deflation Thread" daemon [_thread_blocked, id=20976, stack(0x000000e0ac100000,0x000000e0ac200000)]
  0x000002017fb09340 JavaThread "C2 CompilerThread0" daemon [_thread_blocked, id=8664, stack(0x000000e0ac200000,0x000000e0ac300000)]
  0x000002017fb2f8d0 JavaThread "C1 CompilerThread0" daemon [_thread_blocked, id=10616, stack(0x000000e0ac300000,0x000000e0ac400000)]
  0x000002017fb301e0 JavaThread "Sweeper thread" daemon [_thread_blocked, id=20980, stack(0x000000e0ac400000,0x000000e0ac500000)]
  0x000002017fbfa510 JavaThread "Common-Cleaner" daemon [_thread_blocked, id=19984, stack(0x000000e0ac500000,0x000000e0ac600000)]
  0x000002017fd11850 JavaThread "Notification Thread" daemon [_thread_blocked, id=3584, stack(0x000000e0ac900000,0x000000e0aca00000)]
  0x00000201c60ceb90 JavaThread "Daemon health stats" [_thread_blocked, id=28664, stack(0x000000e0ad000000,0x000000e0ad100000)]
  0x00000201c63a74a0 JavaThread "Incoming local TCP Connector on port 57171" [_thread_in_native, id=24308, stack(0x000000e0ab400000,0x000000e0ab500000)]
  0x00000201c5fa60b0 JavaThread "Daemon periodic checks" [_thread_blocked, id=24224, stack(0x000000e0ad400000,0x000000e0ad500000)]
  0x00000201c5829a90 JavaThread "Cache worker for journal cache (C:\Users\panna\.gradle\caches\journal-1)" [_thread_blocked, id=2936, stack(0x000000e0adb00000,0x000000e0adc00000)]
  0x00000201c582b3e0 JavaThread "File lock request listener" [_thread_in_native, id=16724, stack(0x000000e0adc00000,0x000000e0add00000)]
  0x00000201c582a9c0 JavaThread "Cache worker for file hash cache (C:\Users\panna\.gradle\caches\8.14\fileHashes)" [_thread_blocked, id=14080, stack(0x000000e0ab300000,0x000000e0ab400000)]
  0x00000201c70ed370 JavaThread "File watcher server" daemon [_thread_in_native, id=4320, stack(0x000000e0aeb00000,0x000000e0aec00000)]
  0x00000201c70edd90 JavaThread "File watcher consumer" daemon [_thread_blocked, id=26716, stack(0x000000e0aec00000,0x000000e0aed00000)]
  0x00000201c70ee2a0 JavaThread "jar transforms" [_thread_blocked, id=5500, stack(0x000000e0ae900000,0x000000e0aea00000)]
  0x00000201c70f0100 JavaThread "jar transforms Thread 2" [_thread_blocked, id=26700, stack(0x000000e0aed00000,0x000000e0aee00000)]
  0x00000201c70ee7b0 JavaThread "jar transforms Thread 3" [_thread_blocked, id=27420, stack(0x000000e0aee00000,0x000000e0aef00000)]
  0x00000201c70f2980 JavaThread "jar transforms Thread 4" [_thread_blocked, id=12308, stack(0x000000e0aef00000,0x000000e0af000000)]
  0x00000201c70f1f60 JavaThread "jar transforms Thread 5" [_thread_blocked, id=19232, stack(0x000000e0af000000,0x000000e0af100000)]
  0x00000201c70ef6e0 JavaThread "Cache worker for file content cache (C:\Users\panna\.gradle\caches\8.14\fileContent)" [_thread_blocked, id=26956, stack(0x000000e0af200000,0x000000e0af300000)]
  0x00000201c70f33a0 JavaThread "jar transforms Thread 6" [_thread_blocked, id=4044, stack(0x000000e0ab200000,0x000000e0ab300000)]
  0x00000201c70f1540 JavaThread "jar transforms Thread 7" [_thread_blocked, id=2480, stack(0x000000e0acf00000,0x000000e0ad000000)]
  0x00000201c70f1a50 JavaThread "jar transforms Thread 8" [_thread_blocked, id=9048, stack(0x000000e0ad200000,0x000000e0ad300000)]
  0x00000201c70f3dc0 JavaThread "jar transforms Thread 9" [_thread_blocked, id=12692, stack(0x000000e0ae400000,0x000000e0ae500000)]
  0x00000201c70f42d0 JavaThread "jar transforms Thread 10" [_thread_blocked, id=23940, stack(0x000000e0af300000,0x000000e0af400000)]
  0x00000201c7079300 JavaThread "jar transforms Thread 11" [_thread_blocked, id=16524, stack(0x000000e0af400000,0x000000e0af500000)]
  0x00000201c70783d0 JavaThread "jar transforms Thread 12" [_thread_blocked, id=26044, stack(0x000000e0af500000,0x000000e0af600000)]
  0x00000201c7079810 JavaThread "jar transforms Thread 13" [_thread_blocked, id=13116, stack(0x000000e0af800000,0x000000e0af900000)]
  0x00000201c7077ec0 JavaThread "jar transforms Thread 14" [_thread_blocked, id=27144, stack(0x000000e0af900000,0x000000e0afa00000)]
  0x00000201c7076060 JavaThread "jar transforms Thread 15" [_thread_blocked, id=27452, stack(0x000000e0af700000,0x000000e0af800000)]
  0x00000201c707a230 JavaThread "Daemon Thread 2" [_thread_blocked, id=24264, stack(0x000000e0ad100000,0x000000e0ad200000)]
  0x00000201c707ac50 JavaThread "Handler for socket connection from /127.0.0.1:57171 to /127.0.0.1:62718" [_thread_in_native, id=17124, stack(0x000000e0ad300000,0x000000e0ad400000)]
  0x00000201c707a740 JavaThread "Cancel handler" [_thread_blocked, id=20292, stack(0x000000e0ad500000,0x000000e0ad600000)]
  0x00000201c70779b0 JavaThread "Daemon worker Thread 2" [_thread_blocked, id=8924, stack(0x000000e0ad600000,0x000000e0ad700000)]
  0x00000201c70774a0 JavaThread "Asynchronous log dispatcher for DefaultDaemonConnection: socket connection from /127.0.0.1:57171 to /127.0.0.1:62718" [_thread_blocked, id=12876, stack(0x000000e0ad700000,0x000000e0ad800000)]
  0x00000201c707cab0 JavaThread "Stdin handler" [_thread_blocked, id=27932, stack(0x000000e0ad800000,0x000000e0ad900000)]
  0x00000201c707cfc0 JavaThread "Daemon client event forwarder" [_thread_blocked, id=15156, stack(0x000000e0ad900000,0x000000e0ada00000)]
  0x00000201c707b160 JavaThread "Cache worker for file hash cache (D:\dhanyavahini\mobile_app\android\.gradle\8.14\fileHashes)" [_thread_blocked, id=27444, stack(0x000000e0ada00000,0x000000e0adb00000)]
  0x00000201c707b670 JavaThread "Cache worker for Build Output Cleanup Cache (D:\dhanyavahini\mobile_app\android\.gradle\buildOutputCleanup)" [_thread_blocked, id=14432, stack(0x000000e0ae200000,0x000000e0ae300000)]
  0x00000201c707d9e0 JavaThread "jar transforms Thread 16" [_thread_blocked, id=5596, stack(0x000000e0ae300000,0x000000e0ae400000)]
  0x00000201c707bb80 JavaThread "Cache worker for checksums cache (D:\dhanyavahini\mobile_app\android\.gradle\8.14\checksums)" [_thread_blocked, id=24552, stack(0x000000e0ae500000,0x000000e0ae600000)]
  0x00000201cc6f7740 JavaThread "Cache worker for cache directory md-supplier (C:\Users\panna\.gradle\caches\8.14\md-supplier)" [_thread_blocked, id=15028, stack(0x000000e0af100000,0x000000e0af200000)]
  0x00000201cc6f6300 JavaThread "Cache worker for cache directory md-rule (C:\Users\panna\.gradle\caches\8.14\md-rule)" [_thread_blocked, id=16592, stack(0x000000e0af600000,0x000000e0af700000)]
  0x00000201cc6f8670 JavaThread "Cache worker for Build Output Cleanup Cache (F:\dev\flutter\flutter\packages\flutter_tools\gradle\.gradle\buildOutputCleanup)" [_thread_blocked, id=26404, stack(0x000000e0afa00000,0x000000e0afb00000)]
  0x00000201cc6fa4d0 JavaThread "Kotlin DSL Writer" [_thread_blocked, id=1840, stack(0x000000e0afb00000,0x000000e0afc00000)]
  0x00000201c7536980 JavaThread "Unconstrained build operations" [_thread_blocked, id=15824, stack(0x000000e0aff00000,0x000000e0b0000000)]
  0x00000201c7536e90 JavaThread "Unconstrained build operations Thread 2" [_thread_blocked, id=10588, stack(0x000000e0b0000000,0x000000e0b0100000)]
  0x00000201c75373a0 JavaThread "Unconstrained build operations Thread 3" [_thread_blocked, id=28560, stack(0x000000e0b0100000,0x000000e0b0200000)]
  0x00000201c75378b0 JavaThread "Unconstrained build operations Thread 4" [_thread_blocked, id=27060, stack(0x000000e0b0200000,0x000000e0b0300000)]
  0x00000201c7537dc0 JavaThread "Unconstrained build operations Thread 5" [_thread_blocked, id=23936, stack(0x000000e0b0300000,0x000000e0b0400000)]
  0x00000201c7538cf0 JavaThread "Unconstrained build operations Thread 6" [_thread_blocked, id=28468, stack(0x000000e0b0400000,0x000000e0b0500000)]
  0x00000201c7539c20 JavaThread "Unconstrained build operations Thread 7" [_thread_blocked, id=11600, stack(0x000000e0b0500000,0x000000e0b0600000)]
  0x00000201c75382d0 JavaThread "Unconstrained build operations Thread 8" [_thread_blocked, id=24344, stack(0x000000e0b0600000,0x000000e0b0700000)]
  0x00000201c7536470 JavaThread "Unconstrained build operations Thread 9" [_thread_blocked, id=24348, stack(0x000000e0b0700000,0x000000e0b0800000)]
  0x00000201c753b060 JavaThread "Unconstrained build operations Thread 10" [_thread_blocked, id=2436, stack(0x000000e0b0800000,0x000000e0b0900000)]
  0x00000201c753c9b0 JavaThread "Unconstrained build operations Thread 11" [_thread_blocked, id=4368, stack(0x000000e0b0900000,0x000000e0b0a00000)]
  0x00000201c753ba80 JavaThread "Unconstrained build operations Thread 12" [_thread_blocked, id=4412, stack(0x000000e0b0a00000,0x000000e0b0b00000)]
  0x00000201c753b570 JavaThread "Unconstrained build operations Thread 13" [_thread_blocked, id=3332, stack(0x000000e0b0b00000,0x000000e0b0c00000)]
  0x00000201c753cec0 JavaThread "Unconstrained build operations Thread 14" [_thread_blocked, id=13300, stack(0x000000e0b0c00000,0x000000e0b0d00000)]
  0x00000201c753bf90 JavaThread "Unconstrained build operations Thread 15" [_thread_blocked, id=26672, stack(0x000000e0b0d00000,0x000000e0b0e00000)]
  0x00000201c753a130 JavaThread "Unconstrained build operations Thread 16" [_thread_blocked, id=20992, stack(0x000000e0b0e00000,0x000000e0b0f00000)]
  0x00000201c7539710 JavaThread "Unconstrained build operations Thread 17" [_thread_blocked, id=20840, stack(0x000000e0b0f00000,0x000000e0b1000000)]
  0x00000201c753c4a0 JavaThread "Unconstrained build operations Thread 18" [_thread_blocked, id=19016, stack(0x000000e0b1000000,0x000000e0b1100000)]
  0x00000201c753d3d0 JavaThread "Unconstrained build operations Thread 19" [_thread_blocked, id=23948, stack(0x000000e0b1100000,0x000000e0b1200000)]
  0x00000201c753a640 JavaThread "Unconstrained build operations Thread 20" [_thread_blocked, id=10180, stack(0x000000e0afe00000,0x000000e0aff00000)]
  0x00000201c753d8e0 JavaThread "Unconstrained build operations Thread 21" [_thread_blocked, id=14320, stack(0x000000e0b1200000,0x000000e0b1300000)]
  0x00000201c753ab50 JavaThread "Unconstrained build operations Thread 22" [_thread_blocked, id=20612, stack(0x000000e0b1300000,0x000000e0b1400000)]
  0x00000201ca0ff150 JavaThread "Unconstrained build operations Thread 23" [_thread_blocked, id=23708, stack(0x000000e0b1400000,0x000000e0b1500000)]
  0x00000201ca0fd800 JavaThread "Unconstrained build operations Thread 24" [_thread_blocked, id=8660, stack(0x000000e0b1500000,0x000000e0b1600000)]
  0x00000201ca0fcde0 JavaThread "Unconstrained build operations Thread 25" [_thread_blocked, id=8312, stack(0x000000e0b1600000,0x000000e0b1700000)]
  0x00000201ca0fe730 JavaThread "Unconstrained build operations Thread 26" [_thread_blocked, id=18656, stack(0x000000e0b1700000,0x000000e0b1800000)]
  0x00000201ca0fd2f0 JavaThread "Unconstrained build operations Thread 27" [_thread_blocked, id=3560, stack(0x000000e0b1800000,0x000000e0b1900000)]
  0x00000201ca0ff660 JavaThread "Unconstrained build operations Thread 28" [_thread_blocked, id=26156, stack(0x000000e0b1900000,0x000000e0b1a00000)]
  0x00000201ca0ffb70 JavaThread "Unconstrained build operations Thread 29" [_thread_blocked, id=6660, stack(0x000000e0b1a00000,0x000000e0b1b00000)]
  0x00000201ca0fdd10 JavaThread "Unconstrained build operations Thread 30" [_thread_blocked, id=24456, stack(0x000000e0b1b00000,0x000000e0b1c00000)]
  0x00000201ca0fe220 JavaThread "Unconstrained build operations Thread 31" [_thread_blocked, id=8284, stack(0x000000e0b1c00000,0x000000e0b1d00000)]
  0x00000201ca0fec40 JavaThread "Unconstrained build operations Thread 32" [_thread_blocked, id=27948, stack(0x000000e0b1d00000,0x000000e0b1e00000)]
  0x00000201ca100080 JavaThread "Unconstrained build operations Thread 33" [_thread_blocked, id=7668, stack(0x000000e0b1e00000,0x000000e0b1f00000)]
  0x00000201ca0fc8d0 JavaThread "Unconstrained build operations Thread 34" [_thread_blocked, id=10064, stack(0x000000e0b1f00000,0x000000e0b2000000)]
  0x00000201ca103830 JavaThread "Unconstrained build operations Thread 35" [_thread_blocked, id=24980, stack(0x000000e0afd00000,0x000000e0afe00000)]
  0x00000201ca100aa0 JavaThread "Unconstrained build operations Thread 36" [_thread_blocked, id=17844, stack(0x000000e0b2000000,0x000000e0b2100000)]
  0x00000201ca101ee0 JavaThread "Unconstrained build operations Thread 37" [_thread_blocked, id=15528, stack(0x000000e0b2100000,0x000000e0b2200000)]
  0x00000201ca1019d0 JavaThread "Unconstrained build operations Thread 38" [_thread_blocked, id=21084, stack(0x000000e0b2200000,0x000000e0b2300000)]
  0x00000201ca103d40 JavaThread "Unconstrained build operations Thread 39" [_thread_blocked, id=3588, stack(0x000000e0b2300000,0x000000e0b2400000)]
  0x00000201ca102e10 JavaThread "Unconstrained build operations Thread 40" [_thread_blocked, id=11400, stack(0x000000e0b2400000,0x000000e0b2500000)]
  0x00000201ca104250 JavaThread "Unconstrained build operations Thread 41" [_thread_blocked, id=18376, stack(0x000000e0b2500000,0x000000e0b2600000)]
  0x00000201ca100fb0 JavaThread "Unconstrained build operations Thread 42" [_thread_blocked, id=24620, stack(0x000000e0b2600000,0x000000e0b2700000)]
  0x00000201ca1014c0 JavaThread "Unconstrained build operations Thread 43" [_thread_blocked, id=17680, stack(0x000000e0b2700000,0x000000e0b2800000)]
  0x00000201ca1023f0 JavaThread "Unconstrained build operations Thread 44" [_thread_blocked, id=24336, stack(0x000000e0b2800000,0x000000e0b2900000)]
  0x00000201ca102900 JavaThread "Unconstrained build operations Thread 45" [_thread_blocked, id=26344, stack(0x000000e0b2900000,0x000000e0b2a00000)]
  0x00000201ca103320 JavaThread "Unconstrained build operations Thread 46" [_thread_blocked, id=9844, stack(0x000000e0b2a00000,0x000000e0b2b00000)]
  0x00000201c582aed0 JavaThread "Unconstrained build operations Thread 47" [_thread_blocked, id=23152, stack(0x000000e0b2b00000,0x000000e0b2c00000)]
  0x00000201c7079d20 JavaThread "Unconstrained build operations Thread 48" [_thread_blocked, id=2788, stack(0x000000e0b2d00000,0x000000e0b2e00000)]
  0x00000201cc8daf20 JavaThread "Unconstrained build operations Thread 49" [_thread_blocked, id=20972, stack(0x000000e0b2e00000,0x000000e0b2f00000)]
  0x00000201cc8db430 JavaThread "Unconstrained build operations Thread 50" [_thread_blocked, id=28520, stack(0x000000e0b2c00000,0x000000e0b2d00000)]
  0x00000201cc8da500 JavaThread "Unconstrained build operations Thread 51" [_thread_blocked, id=23796, stack(0x000000e0b3100000,0x000000e0b3200000)]
  0x00000201cc8daa10 JavaThread "Unconstrained build operations Thread 52" [_thread_blocked, id=18232, stack(0x000000e0b3200000,0x000000e0b3300000)]
  0x00000201cc8db940 JavaThread "Unconstrained build operations Thread 53" [_thread_blocked, id=16700, stack(0x000000e0b3300000,0x000000e0b3400000)]
  0x00000201cc8dbe50 JavaThread "Unconstrained build operations Thread 54" [_thread_blocked, id=27216, stack(0x000000e0b3400000,0x000000e0b3500000)]
  0x00000201cc8dc360 JavaThread "Unconstrained build operations Thread 55" [_thread_blocked, id=1188, stack(0x000000e0b3500000,0x000000e0b3600000)]
  0x00000201cc8dc870 JavaThread "Unconstrained build operations Thread 56" [_thread_blocked, id=23884, stack(0x000000e0b3600000,0x000000e0b3700000)]
  0x00000201cc8dd290 JavaThread "Unconstrained build operations Thread 57" [_thread_blocked, id=11212, stack(0x000000e0b3700000,0x000000e0b3800000)]
  0x00000201cc8dcd80 JavaThread "Unconstrained build operations Thread 58" [_thread_blocked, id=28276, stack(0x000000e0b3800000,0x000000e0b3900000)]
  0x00000201cc8dd7a0 JavaThread "Unconstrained build operations Thread 59" [_thread_blocked, id=22760, stack(0x000000e0b3900000,0x000000e0b3a00000)]
  0x00000201cc8d9ff0 JavaThread "Unconstrained build operations Thread 60" [_thread_blocked, id=13328, stack(0x000000e0b3a00000,0x000000e0b3b00000)]
  0x00000201cc8e0f50 JavaThread "Unconstrained build operations Thread 61" [_thread_blocked, id=7224, stack(0x000000e0b3b00000,0x000000e0b3c00000)]
  0x00000201cc8de1c0 JavaThread "Unconstrained build operations Thread 62" [_thread_blocked, id=18776, stack(0x000000e0b3c00000,0x000000e0b3d00000)]
  0x00000201cc8de6d0 JavaThread "Unconstrained build operations Thread 63" [_thread_blocked, id=3044, stack(0x000000e0b3d00000,0x000000e0b3e00000)]
  0x00000201cc8dfb10 JavaThread "Unconstrained build operations Thread 64" [_thread_blocked, id=12260, stack(0x000000e0b3e00000,0x000000e0b3f00000)]
  0x00000201cd156260 JavaThread "Memory manager" [_thread_blocked, id=4628, stack(0x000000e0aea00000,0x000000e0aeb00000)]
  0x00000201cce6c330 JavaThread "build event listener" [_thread_blocked, id=28456, stack(0x000000e0ae600000,0x000000e0ae700000)]
  0x00000201cde8ae00 JavaThread "Execution worker" [_thread_blocked, id=23660, stack(0x000000e0b4500000,0x000000e0b4600000)]
  0x00000201cde89ed0 JavaThread "Execution worker Thread 2" [_thread_blocked, id=21432, stack(0x000000e0b4600000,0x000000e0b4700000)]
  0x00000201cde8b820 JavaThread "Execution worker Thread 3" [_thread_blocked, id=10044, stack(0x000000e0b4700000,0x000000e0b4800000)]
  0x00000201cde8a3e0 JavaThread "Execution worker Thread 4" [_thread_blocked, id=24452, stack(0x000000e0b4800000,0x000000e0b4900000)]
  0x00000201cde8b310 JavaThread "Execution worker Thread 5" [_thread_blocked, id=18492, stack(0x000000e0b4900000,0x000000e0b4a00000)]
  0x00000201cde8a8f0 JavaThread "Execution worker Thread 6" [_thread_blocked, id=22764, stack(0x000000e0b4a00000,0x000000e0b4b00000)]
  0x00000201ccc2b840 JavaThread "Execution worker Thread 7" [_thread_blocked, id=27336, stack(0x000000e0b4b00000,0x000000e0b4c00000)]
  0x00000201ccc2bd50 JavaThread "Execution worker Thread 8" [_thread_blocked, id=5504, stack(0x000000e0b4c00000,0x000000e0b4d00000)]
  0x00000201ccc2d190 JavaThread "Execution worker Thread 9" [_thread_blocked, id=26768, stack(0x000000e0b4d00000,0x000000e0b4e00000)]
  0x00000201ccc2c770 JavaThread "Execution worker Thread 10" [_thread_blocked, id=27988, stack(0x000000e0b4e00000,0x000000e0b4f00000)]
  0x00000201ccc2cc80 JavaThread "Execution worker Thread 11" [_thread_blocked, id=21580, stack(0x000000e0b4f00000,0x000000e0b5000000)]
  0x00000201ccc2c260 JavaThread "Execution worker Thread 12" [_thread_blocked, id=28032, stack(0x000000e0b5000000,0x000000e0b5100000)]
  0x00000201ce1103d0 JavaThread "Execution worker Thread 13" [_thread_blocked, id=27072, stack(0x000000e0b5100000,0x000000e0b5200000)]
  0x00000201ce10f9b0 JavaThread "Execution worker Thread 14" [_thread_blocked, id=12620, stack(0x000000e0b5200000,0x000000e0b5300000)]
  0x00000201ce10f4a0 JavaThread "Execution worker Thread 15" [_thread_blocked, id=4316, stack(0x000000e0b5300000,0x000000e0b5400000)]
  0x00000201cdbf4ea0 JavaThread "Cache worker for execution history cache (F:\dev\flutter\flutter\packages\flutter_tools\gradle\.gradle\8.14\executionHistory)" [_thread_blocked, id=3188, stack(0x000000e0b5400000,0x000000e0b5500000)]
  0x00000201cdbf53b0 JavaThread "Unconstrained build operations Thread 65" [_thread_blocked, id=14780, stack(0x000000e0b5500000,0x000000e0b5600000)]
  0x00000201cdbf4990 JavaThread "Unconstrained build operations Thread 66" [_thread_blocked, id=28392, stack(0x000000e0b5600000,0x000000e0b5700000)]
  0x00000201ca0d70f0 JavaThread "Unconstrained build operations Thread 67" [_thread_blocked, id=23580, stack(0x000000e0b5700000,0x000000e0b5800000)]
  0x00000201cda71070 JavaThread "Unconstrained build operations Thread 68" [_thread_blocked, id=2752, stack(0x000000e0b5800000,0x000000e0b5900000)]
  0x00000201cda71fa0 JavaThread "Unconstrained build operations Thread 69" [_thread_blocked, id=21348, stack(0x000000e0b5900000,0x000000e0b5a00000)]
  0x00000201cda72ed0 JavaThread "Unconstrained build operations Thread 70" [_thread_blocked, id=24640, stack(0x000000e0b5a00000,0x000000e0b5b00000)]
  0x00000201cda71a90 JavaThread "Unconstrained build operations Thread 71" [_thread_blocked, id=5944, stack(0x000000e0b5b00000,0x000000e0b5c00000)]
  0x00000201cdd93930 JavaThread "Unconstrained build operations Thread 72" [_thread_blocked, id=24040, stack(0x000000e0b5c00000,0x000000e0b5d00000)]
  0x00000201cdd92a00 JavaThread "Unconstrained build operations Thread 73" [_thread_blocked, id=27668, stack(0x000000e0b5d00000,0x000000e0b5e00000)]
  0x00000201cdd92f10 JavaThread "Unconstrained build operations Thread 74" [_thread_blocked, id=22968, stack(0x000000e0b5e00000,0x000000e0b5f00000)]
  0x00000201cdd91fe0 JavaThread "Unconstrained build operations Thread 75" [_thread_blocked, id=24028, stack(0x000000e0b5f00000,0x000000e0b6000000)]
  0x00000201cdd93420 JavaThread "Unconstrained build operations Thread 76" [_thread_blocked, id=27504, stack(0x000000e0b6000000,0x000000e0b6100000)]
  0x00000201cdd924f0 JavaThread "Unconstrained build operations Thread 77" [_thread_blocked, id=24776, stack(0x000000e0b6100000,0x000000e0b6200000)]
  0x00000201cd1cfa90 JavaThread "Unconstrained build operations Thread 78" [_thread_blocked, id=3500, stack(0x000000e0b6200000,0x000000e0b6300000)]
  0x00000201cd1cc7f0 JavaThread "Unconstrained build operations Thread 79" [_thread_blocked, id=27776, stack(0x000000e0b6300000,0x000000e0b6400000)]
  0x00000201cd1ccd00 JavaThread "Unconstrained build operations Thread 80" [_thread_blocked, id=14200, stack(0x000000e0b6400000,0x000000e0b6500000)]
  0x00000201cd1cffa0 JavaThread "Unconstrained build operations Thread 81" [_thread_blocked, id=24836, stack(0x000000e0b6500000,0x000000e0b6600000)]
  0x00000201cd1ce140 JavaThread "Unconstrained build operations Thread 82" [_thread_blocked, id=21172, stack(0x000000e0b6600000,0x000000e0b6700000)]
  0x00000201cd1cd720 JavaThread "Unconstrained build operations Thread 83" [_thread_blocked, id=27736, stack(0x000000e0b6700000,0x000000e0b6800000)]
  0x00000201cd1ce650 JavaThread "Unconstrained build operations Thread 84" [_thread_blocked, id=23036, stack(0x000000e0b6800000,0x000000e0b6900000)]
  0x00000201cd1cf070 JavaThread "Unconstrained build operations Thread 85" [_thread_blocked, id=732, stack(0x000000e0b6900000,0x000000e0b6a00000)]
  0x00000201cd1cdc30 JavaThread "Unconstrained build operations Thread 86" [_thread_blocked, id=12256, stack(0x000000e0b6a00000,0x000000e0b6b00000)]
  0x00000201cd1cf580 JavaThread "Unconstrained build operations Thread 87" [_thread_blocked, id=11404, stack(0x000000e0b6b00000,0x000000e0b6c00000)]
  0x00000201cd1ceb60 JavaThread "Unconstrained build operations Thread 88" [_thread_blocked, id=2172, stack(0x000000e0b6c00000,0x000000e0b6d00000)]
  0x00000201c6e65830 JavaThread "Unconstrained build operations Thread 89" [_thread_blocked, id=6424, stack(0x000000e0b6d00000,0x000000e0b6e00000)]
  0x00000201c6e62080 JavaThread "Unconstrained build operations Thread 90" [_thread_blocked, id=10532, stack(0x000000e0b6e00000,0x000000e0b6f00000)]
  0x00000201c6e643f0 JavaThread "Unconstrained build operations Thread 91" [_thread_blocked, id=19964, stack(0x000000e0b6f00000,0x000000e0b7000000)]
  0x00000201c6e64e10 JavaThread "Unconstrained build operations Thread 92" [_thread_blocked, id=24636, stack(0x000000e0b7000000,0x000000e0b7100000)]
  0x00000201ce10ea80 JavaThread "Unconstrained build operations Thread 93" [_thread_blocked, id=23624, stack(0x000000e0b7100000,0x000000e0b7200000)]
  0x00000201ce10ef90 JavaThread "Unconstrained build operations Thread 94" [_thread_blocked, id=3760, stack(0x000000e0b7200000,0x000000e0b7300000)]
  0x00000201ce10e060 JavaThread "Unconstrained build operations Thread 95" [_thread_blocked, id=13860, stack(0x000000e0b7300000,0x000000e0b7400000)]
  0x00000201ce10fec0 JavaThread "Unconstrained build operations Thread 96" [_thread_blocked, id=15084, stack(0x000000e0b7400000,0x000000e0b7500000)]
  0x00000201ce1108e0 JavaThread "Unconstrained build operations Thread 97" [_thread_blocked, id=5628, stack(0x000000e0b7500000,0x000000e0b7600000)]
  0x00000201ce110df0 JavaThread "Unconstrained build operations Thread 98" [_thread_blocked, id=5780, stack(0x000000e0b7600000,0x000000e0b7700000)]
  0x00000201cc8df600 JavaThread "Unconstrained build operations Thread 99" [_thread_blocked, id=16744, stack(0x000000e0b7700000,0x000000e0b7800000)]
  0x00000201cc8e0020 JavaThread "Unconstrained build operations Thread 100" [_thread_blocked, id=17888, stack(0x000000e0b7800000,0x000000e0b7900000)]
  0x00000201cc8e0a40 JavaThread "Unconstrained build operations Thread 101" [_thread_blocked, id=26252, stack(0x000000e0b7900000,0x000000e0b7a00000)]
  0x00000201cda70b60 JavaThread "Unconstrained build operations Thread 102" [_thread_blocked, id=19880, stack(0x000000e0b4300000,0x000000e0b4400000)]
  0x00000201cda71580 JavaThread "Unconstrained build operations Thread 103" [_thread_blocked, id=7628, stack(0x000000e0b7a00000,0x000000e0b7b00000)]
  0x00000201cda73e00 JavaThread "Unconstrained build operations Thread 104" [_thread_blocked, id=2740, stack(0x000000e0b7b00000,0x000000e0b7c00000)]
  0x00000201cda729c0 JavaThread "Unconstrained build operations Thread 105" [_thread_blocked, id=5532, stack(0x000000e0b7c00000,0x000000e0b7d00000)]
  0x00000201cda733e0 JavaThread "Unconstrained build operations Thread 106" [_thread_blocked, id=2892, stack(0x000000e0b7d00000,0x000000e0b7e00000)]
  0x00000201cda738f0 JavaThread "Unconstrained build operations Thread 107" [_thread_blocked, id=14504, stack(0x000000e0b7e00000,0x000000e0b7f00000)]
  0x00000201cda70650 JavaThread "Unconstrained build operations Thread 108" [_thread_blocked, id=13016, stack(0x000000e0b7f00000,0x000000e0b8000000)]
  0x00000201c96f81f0 JavaThread "Unconstrained build operations Thread 109" [_thread_blocked, id=12084, stack(0x000000e0b8000000,0x000000e0b8100000)]
  0x00000201c874ea90 JavaThread "Unconstrained build operations Thread 110" [_thread_blocked, id=9824, stack(0x000000e0b8100000,0x000000e0b8200000)]
  0x00000201c874efa0 JavaThread "Unconstrained build operations Thread 111" [_thread_blocked, id=28512, stack(0x000000e0b8200000,0x000000e0b8300000)]
  0x00000201c874f9c0 JavaThread "Unconstrained build operations Thread 112" [_thread_blocked, id=13248, stack(0x000000e0b8300000,0x000000e0b8400000)]
  0x00000201c874e580 JavaThread "Unconstrained build operations Thread 113" [_thread_blocked, id=7412, stack(0x000000e0b8400000,0x000000e0b8500000)]
  0x00000201cc41c040 JavaThread "Unconstrained build operations Thread 114" [_thread_blocked, id=12996, stack(0x000000e0b8500000,0x000000e0b8600000)]
  0x00000201cc419cd0 JavaThread "Unconstrained build operations Thread 115" [_thread_blocked, id=23956, stack(0x000000e0b8600000,0x000000e0b8700000)]
  0x00000201cc41b110 JavaThread "Unconstrained build operations Thread 116" [_thread_blocked, id=26424, stack(0x000000e0b8700000,0x000000e0b8800000)]
  0x00000201cc41b620 JavaThread "Unconstrained build operations Thread 117" [_thread_blocked, id=21056, stack(0x000000e0b8800000,0x000000e0b8900000)]
  0x00000201cc41a1e0 JavaThread "Unconstrained build operations Thread 118" [_thread_blocked, id=27460, stack(0x000000e0b8900000,0x000000e0b8a00000)]
  0x00000201cc41c550 JavaThread "Unconstrained build operations Thread 119" [_thread_blocked, id=28660, stack(0x000000e0b8a00000,0x000000e0b8b00000)]
  0x00000201cc41ca60 JavaThread "Unconstrained build operations Thread 120" [_thread_blocked, id=23436, stack(0x000000e0b8b00000,0x000000e0b8c00000)]
  0x00000201cc41bb30 JavaThread "Unconstrained build operations Thread 121" [_thread_blocked, id=23592, stack(0x000000e0b8c00000,0x000000e0b8d00000)]
  0x00000201cc41a6f0 JavaThread "Unconstrained build operations Thread 122" [_thread_blocked, id=10632, stack(0x000000e0b8d00000,0x000000e0b8e00000)]
  0x00000201cc41ac00 JavaThread "Unconstrained build operations Thread 123" [_thread_blocked, id=26316, stack(0x000000e0b8e00000,0x000000e0b8f00000)]
  0x00000201cc41cf70 JavaThread "Unconstrained build operations Thread 124" [_thread_blocked, id=1928, stack(0x000000e0b8f00000,0x000000e0b9000000)]
  0x00000201cc41d480 JavaThread "Unconstrained build operations Thread 125" [_thread_blocked, id=24352, stack(0x000000e0b9000000,0x000000e0b9100000)]
  0x00000201cb7a12e0 JavaThread "Unconstrained build operations Thread 126" [_thread_blocked, id=21096, stack(0x000000e0b9100000,0x000000e0b9200000)]
  0x00000201cb7a17f0 JavaThread "Unconstrained build operations Thread 127" [_thread_blocked, id=28344, stack(0x000000e0b9200000,0x000000e0b9300000)]
  0x00000201cb7a1d00 JavaThread "Unconstrained build operations Thread 128" [_thread_blocked, id=3324, stack(0x000000e0b9300000,0x000000e0b9400000)]
  0x00000201cb7a0dd0 JavaThread "Unconstrained build operations Thread 129" [_thread_blocked, id=10416, stack(0x000000e0b9400000,0x000000e0b9500000)]
  0x00000201cb79fea0 JavaThread "Unconstrained build operations Thread 130" [_thread_blocked, id=3784, stack(0x000000e0b9500000,0x000000e0b9600000)]
  0x00000201c6e62590 JavaThread "Unconstrained build operations Thread 131" [_thread_blocked, id=20180, stack(0x000000e0b9600000,0x000000e0b9700000)]
  0x00000201c6e64900 JavaThread "Unconstrained build operations Thread 132" [_thread_blocked, id=20900, stack(0x000000e0b9700000,0x000000e0b9800000)]
  0x00000201c6e62aa0 JavaThread "Unconstrained build operations Thread 133" [_thread_blocked, id=15520, stack(0x000000e0b9800000,0x000000e0b9900000)]
  0x00000201c6e62fb0 JavaThread "Unconstrained build operations Thread 134" [_thread_blocked, id=19696, stack(0x000000e0b9900000,0x000000e0b9a00000)]
  0x00000201c6e65320 JavaThread "Unconstrained build operations Thread 135" [_thread_blocked, id=24104, stack(0x000000e0b9a00000,0x000000e0b9b00000)]
  0x00000201c6e639d0 JavaThread "Unconstrained build operations Thread 136" [_thread_blocked, id=23096, stack(0x000000e0b9b00000,0x000000e0b9c00000)]
  0x00000201c6e63ee0 JavaThread "Unconstrained build operations Thread 137" [_thread_blocked, id=2560, stack(0x000000e0b9c00000,0x000000e0b9d00000)]
  0x00000201cd1cd210 JavaThread "Unconstrained build operations Thread 138" [_thread_blocked, id=10440, stack(0x000000e0b9d00000,0x000000e0b9e00000)]
  0x00000201cb48b060 JavaThread "Unconstrained build operations Thread 139" [_thread_blocked, id=23124, stack(0x000000e0b9e00000,0x000000e0b9f00000)]
  0x00000201cb48a640 JavaThread "Unconstrained build operations Thread 140" [_thread_blocked, id=19280, stack(0x000000e0b9f00000,0x000000e0ba000000)]
  0x00000201cb48c4a0 JavaThread "Unconstrained build operations Thread 141" [_thread_blocked, id=26328, stack(0x000000e0ba000000,0x000000e0ba100000)]
  0x00000201cb488cf0 JavaThread "Unconstrained build operations Thread 142" [_thread_blocked, id=21508, stack(0x000000e0ba100000,0x000000e0ba200000)]
  0x00000201cb48b570 JavaThread "Unconstrained build operations Thread 143" [_thread_blocked, id=26676, stack(0x000000e0ba200000,0x000000e0ba300000)]
  0x00000201cb489c20 JavaThread "Unconstrained build operations Thread 144" [_thread_blocked, id=23780, stack(0x000000e0ba400000,0x000000e0ba500000)]
  0x00000201cb48bf90 JavaThread "Unconstrained build operations Thread 145" [_thread_blocked, id=21000, stack(0x000000e0ba500000,0x000000e0ba600000)]
  0x00000201cacf4a00 JavaThread "Unconstrained build operations Thread 146" [_thread_blocked, id=23288, stack(0x000000e0ba300000,0x000000e0ba400000)]
  0x00000201cacf4f10 JavaThread "Unconstrained build operations Thread 147" [_thread_blocked, id=3740, stack(0x000000e0ba600000,0x000000e0ba700000)]
  0x00000201cacf5420 JavaThread "Unconstrained build operations Thread 148" [_thread_blocked, id=20340, stack(0x000000e0ba700000,0x000000e0ba800000)]
  0x00000201cacc1fa0 JavaThread "Unconstrained build operations Thread 149" [_thread_blocked, id=10832, stack(0x000000e0ba800000,0x000000e0ba900000)]
  0x00000201cacc24b0 JavaThread "WorkerExecutor Queue" [_thread_blocked, id=2736, stack(0x000000e0b2f00000,0x000000e0b3000000)]
  0x00000201cb7a3140 JavaThread "RMI Scheduler(0)" daemon [_thread_blocked, id=19556, stack(0x000000e0ba900000,0x000000e0baa00000)]
  0x00000201cb7a2c30 JavaThread "RMI GC Daemon" daemon [_thread_blocked, id=2496, stack(0x000000e0bab00000,0x000000e0bac00000)]
  0x00000201ca6794a0 JavaThread "RMI TCP Accept-0" daemon [_thread_in_native, id=26528, stack(0x000000e0bac00000,0x000000e0bad00000)]
  0x00000201c643b590 JavaThread "RMI Reaper" [_thread_blocked, id=10376, stack(0x000000e0bad00000,0x000000e0bae00000)]
  0x00000201ccbf2480 JavaThread "Unconstrained build operations Thread 150" [_thread_blocked, id=29068, stack(0x000000e0b3000000,0x000000e0b3100000)]
  0x00000201ccbf1550 JavaThread "Unconstrained build operations Thread 151" [_thread_blocked, id=29072, stack(0x000000e0baf00000,0x000000e0bb000000)]
  0x00000201cce50220 JavaThread "Unconstrained build operations Thread 152" [_thread_blocked, id=29076, stack(0x000000e0bb000000,0x000000e0bb100000)]
  0x00000201cce51150 JavaThread "Unconstrained build operations Thread 153" [_thread_blocked, id=29080, stack(0x000000e0bb100000,0x000000e0bb200000)]
  0x00000201ca0d61c0 JavaThread "Unconstrained build operations Thread 154" [_thread_blocked, id=29084, stack(0x000000e0bb400000,0x000000e0bb500000)]
  0x00000201ca0d4360 JavaThread "Unconstrained build operations Thread 155" [_thread_blocked, id=29088, stack(0x000000e0bb500000,0x000000e0bb600000)]
  0x00000201ce111300 JavaThread "Unconstrained build operations Thread 156" [_thread_blocked, id=29092, stack(0x000000e0bb600000,0x000000e0bb700000)]
  0x00000201ce111810 JavaThread "Unconstrained build operations Thread 157" [_thread_blocked, id=29096, stack(0x000000e0bb700000,0x000000e0bb800000)]
  0x00000201cd465710 JavaThread "Unconstrained build operations Thread 158" [_thread_blocked, id=29100, stack(0x000000e0bb800000,0x000000e0bb900000)]
  0x00000201cd465c20 JavaThread "Unconstrained build operations Thread 159" [_thread_blocked, id=29104, stack(0x000000e0bb900000,0x000000e0bba00000)]
  0x00000201cd462e90 JavaThread "Unconstrained build operations Thread 160" [_thread_blocked, id=29108, stack(0x000000e0bba00000,0x000000e0bbb00000)]
  0x00000201cb48ab50 JavaThread "Kotlin DSL Writer" [_thread_blocked, id=26888, stack(0x000000e0bae00000,0x000000e0baf00000)]
  0x00000201c70788e0 JavaThread "build event listener" [_thread_blocked, id=28556, stack(0x000000e0b4400000,0x000000e0b4500000)]
  0x00000201cce6c840 JavaThread "Problems report writer" [_thread_blocked, id=26564, stack(0x000000e0bbc00000,0x000000e0bbd00000)]
  0x00000201ce67ae40 JavaThread "File lock release action executor Thread 7" [_thread_blocked, id=17452, stack(0x000000e0bbb00000,0x000000e0bbc00000)]
  0x00000201ce67eb00 JavaThread "RMI TCP Connection(idle)" daemon [_thread_blocked, id=15576, stack(0x000000e0baa00000,0x000000e0bab00000)]

Other Threads:
=>0x000002017fb02010 VMThread "VM Thread" [stack: 0x000000e0abb00000,0x000000e0abc00000] [id=28256]
  0x00000201476bc450 WatcherThread [stack: 0x000000e0aca00000,0x000000e0acb00000] [id=13376]
  0x000002014776c320 GCTaskThread "GC Thread#0" [stack: 0x000000e0ab600000,0x000000e0ab700000] [id=21516]
  0x000002017fb90200 GCTaskThread "GC Thread#1" [stack: 0x000000e0ac600000,0x000000e0ac700000] [id=12664]
  0x00000201c5147400 GCTaskThread "GC Thread#2" [stack: 0x000000e0ac700000,0x000000e0ac800000] [id=22468]
  0x000002017febe7a0 GCTaskThread "GC Thread#3" [stack: 0x000000e0ac800000,0x000000e0ac900000] [id=28216]
  0x00000201c5037330 GCTaskThread "GC Thread#4" [stack: 0x000000e0ace00000,0x000000e0acf00000] [id=15108]
  0x00000201c63bc650 GCTaskThread "GC Thread#5" [stack: 0x000000e0acb00000,0x000000e0acc00000] [id=22444]
  0x00000201c63bc910 GCTaskThread "GC Thread#6" [stack: 0x000000e0acc00000,0x000000e0acd00000] [id=4620]
  0x00000201c63db060 GCTaskThread "GC Thread#7" [stack: 0x000000e0acd00000,0x000000e0ace00000] [id=12528]
  0x00000201c64b98a0 GCTaskThread "GC Thread#8" [stack: 0x000000e0add00000,0x000000e0ade00000] [id=3772]
  0x00000201c6eceaa0 GCTaskThread "GC Thread#9" [stack: 0x000000e0ade00000,0x000000e0adf00000] [id=5196]
  0x00000201c6f19070 GCTaskThread "GC Thread#10" [stack: 0x000000e0adf00000,0x000000e0ae000000] [id=27116]
  0x00000201c63f0340 GCTaskThread "GC Thread#11" [stack: 0x000000e0ae000000,0x000000e0ae100000] [id=11416]
  0x00000201c6fc0040 GCTaskThread "GC Thread#12" [stack: 0x000000e0ae100000,0x000000e0ae200000] [id=24288]
  0x000002014776cf10 ConcurrentGCThread "G1 Main Marker" [stack: 0x000000e0ab700000,0x000000e0ab800000] [id=13856]
  0x000002014776d840 ConcurrentGCThread "G1 Conc#0" [stack: 0x000000e0ab800000,0x000000e0ab900000] [id=6496]
  0x00000201c7e0d5f0 ConcurrentGCThread "G1 Conc#1" [stack: 0x000000e0ae700000,0x000000e0ae800000] [id=27612]
  0x00000201c7e0d330 ConcurrentGCThread "G1 Conc#2" [stack: 0x000000e0ae800000,0x000000e0ae900000] [id=26664]
  0x000002017cb819a0 ConcurrentGCThread "G1 Refine#0" [stack: 0x000000e0ab900000,0x000000e0aba00000] [id=2880]
  0x00000201cb37dea0 ConcurrentGCThread "G1 Refine#1" [stack: 0x000000e0b3f00000,0x000000e0b4000000] [id=28600]
  0x00000201ccabc9b0 ConcurrentGCThread "G1 Refine#2" [stack: 0x000000e0b4000000,0x000000e0b4100000] [id=13368]
  0x00000201cb2010f0 ConcurrentGCThread "G1 Refine#3" [stack: 0x000000e0b4100000,0x000000e0b4200000] [id=28128]
  0x00000201ccabd280 ConcurrentGCThread "G1 Refine#4" [stack: 0x000000e0b4200000,0x000000e0b4300000] [id=16092]
  0x000002017cb83590 ConcurrentGCThread "G1 Service" [stack: 0x000000e0aba00000,0x000000e0abb00000] [id=28268]

Threads with active compile tasks:

VM state: at safepoint (normal execution)

VM Mutex/Monitor currently owned by a thread:  ([mutex/lock_event])
[0x00000201476b6860] Threads_lock - owner thread: 0x000002017fb02010
[0x00000201476b7af0] Heap_lock - owner thread: 0x00000201c753b570

Heap address: 0x0000000600000000, size: 8192 MB, Compressed Oops mode: Zero based, Oop shift amount: 3

CDS archive(s) mapped at: [0x0000020180000000-0x0000020180bb0000-0x0000020180bb0000), size 12255232, SharedBaseAddress: 0x0000020180000000, ArchiveRelocationMode: 1.
Compressed class space mapped at: 0x0000020181000000-0x00000201c1000000, reserved size: 1073741824
Narrow klass base: 0x0000020180000000, Narrow klass shift: 0, Narrow klass range: 0x100000000

GC Precious Log:
 CPUs: 16 total, 16 available
 Memory: 7598M
 Large Page Support: Disabled
 NUMA Support: Disabled
 Compressed Oops: Enabled (Zero based)
 Heap Region Size: 4M
 Heap Min Capacity: 8M
 Heap Initial Capacity: 120M
 Heap Max Capacity: 8G
 Pre-touch: Disabled
 Parallel Workers: 13
 Concurrent Workers: 3
 Concurrent Refinement Workers: 13
 Periodic GC: Disabled

Heap:
 garbage-first heap   total 4456448K, used 893757K [0x0000000600000000, 0x0000000800000000)
  region size 4096K, 5 young (20480K), 5 survivors (20480K)
 Metaspace       used 210805K, committed 212928K, reserved 1245184K
  class space    used 25961K, committed 26944K, reserved 1048576K

Heap Regions: E=young(eden), S=young(survivor), O=old, HS=humongous(starts), HC=humongous(continues), CS=collection set, F=free, OA=open archive, CA=closed archive, TAMS=top-at-mark-start (previous, next)
|   0|0x0000000600000000, 0x0000000600400000, 0x0000000600400000|100%|HS|  |TAMS 0x0000000600400000, 0x0000000600000000| Complete 
|   1|0x0000000600400000, 0x0000000600800000, 0x0000000600800000|100%| O|  |TAMS 0x0000000600800000, 0x0000000600400000| Untracked 
|   2|0x0000000600800000, 0x0000000600c00000, 0x0000000600c00000|100%| O|  |TAMS 0x0000000600c00000, 0x0000000600800000| Untracked 
|   3|0x0000000600c00000, 0x0000000601000000, 0x0000000601000000|100%| O|  |TAMS 0x0000000601000000, 0x0000000600c00000| Untracked 
|   4|0x0000000601000000, 0x0000000601400000, 0x0000000601400000|100%| O|  |TAMS 0x0000000601400000, 0x0000000601000000| Untracked 
|   5|0x0000000601400000, 0x0000000601800000, 0x0000000601800000|100%| O|  |TAMS 0x0000000601800000, 0x0000000601400000| Untracked 
|   6|0x0000000601800000, 0x0000000601c00000, 0x0000000601c00000|100%| O|  |TAMS 0x0000000601c00000, 0x0000000601800000| Untracked 
|   7|0x0000000601c00000, 0x0000000602000000, 0x0000000602000000|100%| O|  |TAMS 0x0000000602000000, 0x0000000601c00000| Untracked 
|   8|0x0000000602000000, 0x0000000602400000, 0x0000000602400000|100%| O|  |TAMS 0x0000000602400000, 0x0000000602000000| Untracked 
|   9|0x0000000602400000, 0x0000000602800000, 0x0000000602800000|100%| O|  |TAMS 0x0000000602800000, 0x0000000602400000| Untracked 
|  10|0x0000000602800000, 0x0000000602c00000, 0x0000000602c00000|100%| O|  |TAMS 0x0000000602c00000, 0x0000000602800000| Untracked 
|  11|0x0000000602c00000, 0x0000000603000000, 0x0000000603000000|100%| O|  |TAMS 0x0000000603000000, 0x0000000602c00000| Untracked 
|  12|0x0000000603000000, 0x0000000603400000, 0x0000000603400000|100%| O|  |TAMS 0x0000000603400000, 0x0000000603000000| Untracked 
|  13|0x0000000603400000, 0x00000006037ffff8, 0x0000000603800000| 99%| O|  |TAMS 0x0000000603400000, 0x0000000603400000| Untracked 
|  14|0x0000000603800000, 0x0000000603c00000, 0x0000000603c00000|100%|HS|  |TAMS 0x0000000603c00000, 0x0000000603800000| Complete 
|  15|0x0000000603c00000, 0x0000000604000000, 0x0000000604000000|100%|HS|  |TAMS 0x0000000604000000, 0x0000000603c00000| Complete 
|  16|0x0000000604000000, 0x0000000604400000, 0x0000000604400000|100%|HC|  |TAMS 0x0000000604400000, 0x0000000604000000| Complete 
|  17|0x0000000604400000, 0x0000000604800000, 0x0000000604800000|100%| O|  |TAMS 0x0000000604800000, 0x0000000604400000| Untracked 
|  18|0x0000000604800000, 0x0000000604c00000, 0x0000000604c00000|100%| O|  |TAMS 0x0000000604c00000, 0x0000000604800000| Untracked 
|  19|0x0000000604c00000, 0x0000000605000000, 0x0000000605000000|100%| O|  |TAMS 0x0000000605000000, 0x0000000604c00000| Untracked 
|  20|0x0000000605000000, 0x0000000605400000, 0x0000000605400000|100%| O|  |TAMS 0x0000000605400000, 0x0000000605000000| Untracked 
|  21|0x0000000605400000, 0x0000000605800000, 0x0000000605800000|100%| O|  |TAMS 0x0000000605800000, 0x0000000605400000| Untracked 
|  22|0x0000000605800000, 0x0000000605c00000, 0x0000000605c00000|100%| O|  |TAMS 0x0000000605c00000, 0x0000000605800000| Untracked 
|  23|0x0000000605c00000, 0x0000000606000000, 0x0000000606000000|100%| O|  |TAMS 0x0000000606000000, 0x0000000605c00000| Untracked 
|  24|0x0000000606000000, 0x0000000606400000, 0x0000000606400000|100%| O|  |TAMS 0x0000000606000000, 0x0000000606000000| Untracked 
|  25|0x0000000606400000, 0x0000000606800000, 0x0000000606800000|100%| O|  |TAMS 0x0000000606800000, 0x0000000606400000| Untracked 
|  26|0x0000000606800000, 0x0000000606c00000, 0x0000000606c00000|100%| O|  |TAMS 0x0000000606800000, 0x0000000606800000| Untracked 
|  27|0x0000000606c00000, 0x0000000607000000, 0x0000000607000000|100%| O|  |TAMS 0x0000000607000000, 0x0000000606c00000| Untracked 
|  28|0x0000000607000000, 0x0000000607400000, 0x0000000607400000|100%| O|  |TAMS 0x0000000607400000, 0x0000000607000000| Untracked 
|  29|0x0000000607400000, 0x0000000607800000, 0x0000000607800000|100%| O|  |TAMS 0x0000000607800000, 0x0000000607400000| Untracked 
|  30|0x0000000607800000, 0x0000000607c00000, 0x0000000607c00000|100%| O|  |TAMS 0x0000000607c00000, 0x0000000607800000| Untracked 
|  31|0x0000000607c00000, 0x0000000608000000, 0x0000000608000000|100%| O|  |TAMS 0x0000000608000000, 0x0000000607c00000| Untracked 
|  32|0x0000000608000000, 0x0000000608400000, 0x0000000608400000|100%| O|  |TAMS 0x0000000608400000, 0x0000000608000000| Untracked 
|  33|0x0000000608400000, 0x0000000608800000, 0x0000000608800000|100%| O|  |TAMS 0x0000000608800000, 0x0000000608400000| Untracked 
|  34|0x0000000608800000, 0x0000000608c00000, 0x0000000608c00000|100%|HS|  |TAMS 0x0000000608c00000, 0x0000000608800000| Complete 
|  35|0x0000000608c00000, 0x0000000609000000, 0x0000000609000000|100%| O|  |TAMS 0x0000000609000000, 0x0000000608c00000| Untracked 
|  36|0x0000000609000000, 0x0000000609400000, 0x0000000609400000|100%| O|  |TAMS 0x0000000609400000, 0x0000000609000000| Untracked 
|  37|0x0000000609400000, 0x0000000609800000, 0x0000000609800000|100%|HS|  |TAMS 0x0000000609800000, 0x0000000609400000| Complete 
|  38|0x0000000609800000, 0x0000000609c00000, 0x0000000609c00000|100%| O|  |TAMS 0x0000000609c00000, 0x0000000609800000| Untracked 
|  39|0x0000000609c00000, 0x000000060a000000, 0x000000060a000000|100%| O|  |TAMS 0x000000060a000000, 0x0000000609c00000| Untracked 
|  40|0x000000060a000000, 0x000000060a400000, 0x000000060a400000|100%| O|  |TAMS 0x000000060a000000, 0x000000060a000000| Untracked 
|  41|0x000000060a400000, 0x000000060a800000, 0x000000060a800000|100%| O|  |TAMS 0x000000060a800000, 0x000000060a400000| Untracked 
|  42|0x000000060a800000, 0x000000060ac00000, 0x000000060ac00000|100%| O|  |TAMS 0x000000060ac00000, 0x000000060a800000| Untracked 
|  43|0x000000060ac00000, 0x000000060b000000, 0x000000060b000000|100%| O|  |TAMS 0x000000060b000000, 0x000000060ac00000| Untracked 
|  44|0x000000060b000000, 0x000000060b400000, 0x000000060b400000|100%| O|  |TAMS 0x000000060b400000, 0x000000060b000000| Untracked 
|  45|0x000000060b400000, 0x000000060b800000, 0x000000060b800000|100%| O|  |TAMS 0x000000060b800000, 0x000000060b400000| Untracked 
|  46|0x000000060b800000, 0x000000060bc00000, 0x000000060bc00000|100%| O|  |TAMS 0x000000060bc00000, 0x000000060b800000| Untracked 
|  47|0x000000060bc00000, 0x000000060c000000, 0x000000060c000000|100%| O|  |TAMS 0x000000060c000000, 0x000000060bc00000| Untracked 
|  48|0x000000060c000000, 0x000000060c400000, 0x000000060c400000|100%| O|  |TAMS 0x000000060c400000, 0x000000060c000000| Untracked 
|  49|0x000000060c400000, 0x000000060c800000, 0x000000060c800000|100%| O|  |TAMS 0x000000060c800000, 0x000000060c400000| Untracked 
|  50|0x000000060c800000, 0x000000060cc00000, 0x000000060cc00000|100%| O|  |TAMS 0x000000060c800000, 0x000000060c800000| Untracked 
|  51|0x000000060cc00000, 0x000000060d000000, 0x000000060d000000|100%| O|  |TAMS 0x000000060d000000, 0x000000060cc00000| Untracked 
|  52|0x000000060d000000, 0x000000060d400000, 0x000000060d400000|100%| O|  |TAMS 0x000000060d000000, 0x000000060d000000| Untracked 
|  53|0x000000060d400000, 0x000000060d800000, 0x000000060d800000|100%| O|  |TAMS 0x000000060d400000, 0x000000060d400000| Untracked 
|  54|0x000000060d800000, 0x000000060dc00000, 0x000000060dc00000|100%| O|  |TAMS 0x000000060dc00000, 0x000000060d800000| Untracked 
|  55|0x000000060dc00000, 0x000000060e000000, 0x000000060e000000|100%| O|  |TAMS 0x000000060e000000, 0x000000060dc00000| Untracked 
|  56|0x000000060e000000, 0x000000060e400000, 0x000000060e400000|100%| O|  |TAMS 0x000000060e000000, 0x000000060e000000| Untracked 
|  57|0x000000060e400000, 0x000000060e800000, 0x000000060e800000|100%| O|  |TAMS 0x000000060e400000, 0x000000060e400000| Untracked 
|  58|0x000000060e800000, 0x000000060ec00000, 0x000000060ec00000|100%| O|  |TAMS 0x000000060ec00000, 0x000000060e800000| Untracked 
|  59|0x000000060ec00000, 0x000000060f000000, 0x000000060f000000|100%| O|  |TAMS 0x000000060f000000, 0x000000060ec00000| Untracked 
|  60|0x000000060f000000, 0x000000060f400000, 0x000000060f400000|100%| O|  |TAMS 0x000000060f400000, 0x000000060f000000| Untracked 
|  61|0x000000060f400000, 0x000000060f800000, 0x000000060f800000|100%| O|  |TAMS 0x000000060f400000, 0x000000060f400000| Untracked 
|  62|0x000000060f800000, 0x000000060fc00000, 0x000000060fc00000|100%| O|  |TAMS 0x000000060fc00000, 0x000000060f800000| Untracked 
|  63|0x000000060fc00000, 0x0000000610000000, 0x0000000610000000|100%| O|  |TAMS 0x0000000610000000, 0x000000060fc00000| Untracked 
|  64|0x0000000610000000, 0x0000000610400000, 0x0000000610400000|100%| O|  |TAMS 0x0000000610400000, 0x0000000610000000| Untracked 
|  65|0x0000000610400000, 0x0000000610800000, 0x0000000610800000|100%| O|  |TAMS 0x0000000610800000, 0x0000000610400000| Untracked 
|  66|0x0000000610800000, 0x0000000610c00000, 0x0000000610c00000|100%| O|  |TAMS 0x0000000610c00000, 0x0000000610800000| Untracked 
|  67|0x0000000610c00000, 0x0000000611000000, 0x0000000611000000|100%| O|  |TAMS 0x0000000610c00000, 0x0000000610c00000| Untracked 
|  68|0x0000000611000000, 0x0000000611400000, 0x0000000611400000|100%| O|  |TAMS 0x0000000611000000, 0x0000000611000000| Untracked 
|  69|0x0000000611400000, 0x0000000611800000, 0x0000000611800000|100%| O|  |TAMS 0x0000000611400000, 0x0000000611400000| Untracked 
|  70|0x0000000611800000, 0x0000000611c00000, 0x0000000611c00000|100%| O|  |TAMS 0x0000000611c00000, 0x0000000611800000| Untracked 
|  71|0x0000000611c00000, 0x0000000612000000, 0x0000000612000000|100%| O|  |TAMS 0x0000000612000000, 0x0000000611c00000| Untracked 
|  72|0x0000000612000000, 0x0000000612400000, 0x0000000612400000|100%| O|  |TAMS 0x0000000612400000, 0x0000000612000000| Untracked 
|  73|0x0000000612400000, 0x0000000612800000, 0x0000000612800000|100%| O|  |TAMS 0x0000000612800000, 0x0000000612400000| Untracked 
|  74|0x0000000612800000, 0x0000000612c00000, 0x0000000612c00000|100%| O|  |TAMS 0x0000000612c00000, 0x0000000612800000| Untracked 
|  75|0x0000000612c00000, 0x0000000613000000, 0x0000000613000000|100%| O|  |TAMS 0x0000000613000000, 0x0000000612c00000| Untracked 
|  76|0x0000000613000000, 0x0000000613400000, 0x0000000613400000|100%| O|  |TAMS 0x0000000613400000, 0x0000000613000000| Untracked 
|  77|0x0000000613400000, 0x0000000613800000, 0x0000000613800000|100%| O|  |TAMS 0x0000000613800000, 0x0000000613400000| Untracked 
|  78|0x0000000613800000, 0x0000000613c00000, 0x0000000613c00000|100%| O|  |TAMS 0x0000000613c00000, 0x0000000613800000| Untracked 
|  79|0x0000000613c00000, 0x0000000614000000, 0x0000000614000000|100%| O|  |TAMS 0x0000000614000000, 0x0000000613c00000| Untracked 
|  80|0x0000000614000000, 0x0000000614400000, 0x0000000614400000|100%| O|  |TAMS 0x0000000614400000, 0x0000000614000000| Untracked 
|  81|0x0000000614400000, 0x0000000614800000, 0x0000000614800000|100%| O|  |TAMS 0x0000000614800000, 0x0000000614400000| Untracked 
|  82|0x0000000614800000, 0x0000000614c00000, 0x0000000614c00000|100%| O|  |TAMS 0x0000000614c00000, 0x0000000614800000| Untracked 
|  83|0x0000000614c00000, 0x0000000615000000, 0x0000000615000000|100%| O|  |TAMS 0x0000000615000000, 0x0000000614c00000| Untracked 
|  84|0x0000000615000000, 0x0000000615400000, 0x0000000615400000|100%| O|  |TAMS 0x0000000615400000, 0x0000000615000000| Untracked 
|  85|0x0000000615400000, 0x0000000615800000, 0x0000000615800000|100%| O|  |TAMS 0x0000000615800000, 0x0000000615400000| Untracked 
|  86|0x0000000615800000, 0x0000000615c00000, 0x0000000615c00000|100%| O|  |TAMS 0x0000000615c00000, 0x0000000615800000| Untracked 
|  87|0x0000000615c00000, 0x0000000616000000, 0x0000000616000000|100%| O|  |TAMS 0x0000000616000000, 0x0000000615c00000| Untracked 
|  88|0x0000000616000000, 0x0000000616400000, 0x0000000616400000|100%| O|  |TAMS 0x0000000616400000, 0x0000000616000000| Untracked 
|  89|0x0000000616400000, 0x0000000616800000, 0x0000000616800000|100%| O|  |TAMS 0x0000000616800000, 0x0000000616400000| Untracked 
|  90|0x0000000616800000, 0x0000000616c00000, 0x0000000616c00000|100%| O|  |TAMS 0x0000000616c00000, 0x0000000616800000| Untracked 
|  91|0x0000000616c00000, 0x0000000617000000, 0x0000000617000000|100%| O|  |TAMS 0x0000000617000000, 0x0000000616c00000| Untracked 
|  92|0x0000000617000000, 0x0000000617400000, 0x0000000617400000|100%| O|  |TAMS 0x0000000617400000, 0x0000000617000000| Untracked 
|  93|0x0000000617400000, 0x0000000617800000, 0x0000000617800000|100%| O|  |TAMS 0x0000000617800000, 0x0000000617400000| Untracked 
|  94|0x0000000617800000, 0x0000000617c00000, 0x0000000617c00000|100%| O|  |TAMS 0x0000000617c00000, 0x0000000617800000| Untracked 
|  95|0x0000000617c00000, 0x0000000618000000, 0x0000000618000000|100%| O|  |TAMS 0x0000000618000000, 0x0000000617c00000| Untracked 
|  96|0x0000000618000000, 0x0000000618400000, 0x0000000618400000|100%| O|  |TAMS 0x0000000618400000, 0x0000000618000000| Untracked 
|  97|0x0000000618400000, 0x0000000618800000, 0x0000000618800000|100%| O|  |TAMS 0x0000000618800000, 0x0000000618400000| Untracked 
|  98|0x0000000618800000, 0x0000000618c00000, 0x0000000618c00000|100%| O|  |TAMS 0x0000000618c00000, 0x0000000618800000| Untracked 
|  99|0x0000000618c00000, 0x0000000619000000, 0x0000000619000000|100%| O|  |TAMS 0x0000000619000000, 0x0000000618c00000| Untracked 
| 100|0x0000000619000000, 0x0000000619400000, 0x0000000619400000|100%| O|  |TAMS 0x0000000619400000, 0x0000000619000000| Untracked 
| 101|0x0000000619400000, 0x0000000619800000, 0x0000000619800000|100%| O|  |TAMS 0x0000000619800000, 0x0000000619400000| Untracked 
| 102|0x0000000619800000, 0x0000000619c00000, 0x0000000619c00000|100%| O|  |TAMS 0x0000000619c00000, 0x0000000619800000| Untracked 
| 103|0x0000000619c00000, 0x000000061a000000, 0x000000061a000000|100%| O|  |TAMS 0x000000061a000000, 0x0000000619c00000| Untracked 
| 104|0x000000061a000000, 0x000000061a400000, 0x000000061a400000|100%| O|  |TAMS 0x000000061a400000, 0x000000061a000000| Untracked 
| 105|0x000000061a400000, 0x000000061a800000, 0x000000061a800000|100%| O|  |TAMS 0x000000061a800000, 0x000000061a400000| Untracked 
| 106|0x000000061a800000, 0x000000061ac00000, 0x000000061ac00000|100%| O|  |TAMS 0x000000061ac00000, 0x000000061a800000| Untracked 
| 107|0x000000061ac00000, 0x000000061b000000, 0x000000061b000000|100%| O|  |TAMS 0x000000061b000000, 0x000000061ac00000| Untracked 
| 108|0x000000061b000000, 0x000000061b400000, 0x000000061b400000|100%| O|  |TAMS 0x000000061b400000, 0x000000061b000000| Untracked 
| 109|0x000000061b400000, 0x000000061b800000, 0x000000061b800000|100%| O|  |TAMS 0x000000061b800000, 0x000000061b400000| Untracked 
| 110|0x000000061b800000, 0x000000061bc00000, 0x000000061bc00000|100%| O|  |TAMS 0x000000061bc00000, 0x000000061b800000| Untracked 
| 111|0x000000061bc00000, 0x000000061c000000, 0x000000061c000000|100%| O|  |TAMS 0x000000061c000000, 0x000000061bc00000| Untracked 
| 112|0x000000061c000000, 0x000000061c400000, 0x000000061c400000|100%| O|  |TAMS 0x000000061c400000, 0x000000061c000000| Untracked 
| 113|0x000000061c400000, 0x000000061c800000, 0x000000061c800000|100%| O|  |TAMS 0x000000061c800000, 0x000000061c400000| Untracked 
| 114|0x000000061c800000, 0x000000061cc00000, 0x000000061cc00000|100%| O|  |TAMS 0x000000061cc00000, 0x000000061c800000| Untracked 
| 115|0x000000061cc00000, 0x000000061d000000, 0x000000061d000000|100%| O|  |TAMS 0x000000061d000000, 0x000000061cc00000| Untracked 
| 116|0x000000061d000000, 0x000000061d400000, 0x000000061d400000|100%| O|  |TAMS 0x000000061d400000, 0x000000061d000000| Untracked 
| 117|0x000000061d400000, 0x000000061d800000, 0x000000061d800000|100%| O|  |TAMS 0x000000061d800000, 0x000000061d400000| Untracked 
| 118|0x000000061d800000, 0x000000061dc00000, 0x000000061dc00000|100%| O|  |TAMS 0x000000061dc00000, 0x000000061d800000| Untracked 
| 119|0x000000061dc00000, 0x000000061e000000, 0x000000061e000000|100%| O|  |TAMS 0x000000061e000000, 0x000000061dc00000| Untracked 
| 120|0x000000061e000000, 0x000000061e400000, 0x000000061e400000|100%| O|  |TAMS 0x000000061e400000, 0x000000061e000000| Untracked 
| 121|0x000000061e400000, 0x000000061e800000, 0x000000061e800000|100%| O|  |TAMS 0x000000061e800000, 0x000000061e400000| Untracked 
| 122|0x000000061e800000, 0x000000061ec00000, 0x000000061ec00000|100%| O|  |TAMS 0x000000061ec00000, 0x000000061e800000| Untracked 
| 123|0x000000061ec00000, 0x000000061f000000, 0x000000061f000000|100%| O|  |TAMS 0x000000061f000000, 0x000000061ec00000| Untracked 
| 124|0x000000061f000000, 0x000000061f400000, 0x000000061f400000|100%| O|  |TAMS 0x000000061f400000, 0x000000061f000000| Untracked 
| 125|0x000000061f400000, 0x000000061f800000, 0x000000061f800000|100%| O|  |TAMS 0x000000061f800000, 0x000000061f400000| Untracked 
| 126|0x000000061f800000, 0x000000061fc00000, 0x000000061fc00000|100%| O|  |TAMS 0x000000061fc00000, 0x000000061f800000| Untracked 
| 127|0x000000061fc00000, 0x0000000620000000, 0x0000000620000000|100%| O|  |TAMS 0x0000000620000000, 0x000000061fc00000| Untracked 
| 128|0x0000000620000000, 0x0000000620400000, 0x0000000620400000|100%| O|  |TAMS 0x0000000620400000, 0x0000000620000000| Untracked 
| 129|0x0000000620400000, 0x0000000620800000, 0x0000000620800000|100%| O|  |TAMS 0x0000000620800000, 0x0000000620400000| Untracked 
| 130|0x0000000620800000, 0x0000000620c00000, 0x0000000620c00000|100%| O|  |TAMS 0x0000000620c00000, 0x0000000620800000| Untracked 
| 131|0x0000000620c00000, 0x0000000621000000, 0x0000000621000000|100%| O|  |TAMS 0x0000000621000000, 0x0000000620c00000| Untracked 
| 132|0x0000000621000000, 0x0000000621400000, 0x0000000621400000|100%| O|  |TAMS 0x0000000621400000, 0x0000000621000000| Untracked 
| 133|0x0000000621400000, 0x0000000621800000, 0x0000000621800000|100%| O|  |TAMS 0x0000000621800000, 0x0000000621400000| Untracked 
| 134|0x0000000621800000, 0x0000000621c00000, 0x0000000621c00000|100%|HS|  |TAMS 0x0000000621c00000, 0x0000000621800000| Complete 
| 135|0x0000000621c00000, 0x0000000622000000, 0x0000000622000000|100%| O|  |TAMS 0x0000000622000000, 0x0000000621c00000| Untracked 
| 136|0x0000000622000000, 0x0000000622400000, 0x0000000622400000|100%| O|  |TAMS 0x0000000622400000, 0x0000000622000000| Untracked 
| 137|0x0000000622400000, 0x0000000622800000, 0x0000000622800000|100%| O|  |TAMS 0x0000000622800000, 0x0000000622400000| Untracked 
| 138|0x0000000622800000, 0x0000000622c00000, 0x0000000622c00000|100%| O|  |TAMS 0x0000000622c00000, 0x0000000622800000| Untracked 
| 139|0x0000000622c00000, 0x0000000623000000, 0x0000000623000000|100%| O|  |TAMS 0x0000000623000000, 0x0000000622c00000| Untracked 
| 140|0x0000000623000000, 0x0000000623400000, 0x0000000623400000|100%| O|  |TAMS 0x0000000623400000, 0x0000000623000000| Untracked 
| 141|0x0000000623400000, 0x0000000623800000, 0x0000000623800000|100%| O|  |TAMS 0x0000000623800000, 0x0000000623400000| Untracked 
| 142|0x0000000623800000, 0x0000000623c00000, 0x0000000623c00000|100%| O|  |TAMS 0x0000000623c00000, 0x0000000623800000| Untracked 
| 143|0x0000000623c00000, 0x0000000624000000, 0x0000000624000000|100%| O|  |TAMS 0x0000000624000000, 0x0000000623c00000| Untracked 
| 144|0x0000000624000000, 0x0000000624400000, 0x0000000624400000|100%| O|  |TAMS 0x0000000624400000, 0x0000000624000000| Untracked 
| 145|0x0000000624400000, 0x0000000624800000, 0x0000000624800000|100%| O|  |TAMS 0x0000000624800000, 0x0000000624400000| Untracked 
| 146|0x0000000624800000, 0x0000000624c00000, 0x0000000624c00000|100%| O|  |TAMS 0x0000000624c00000, 0x0000000624800000| Untracked 
| 147|0x0000000624c00000, 0x0000000625000000, 0x0000000625000000|100%| O|  |TAMS 0x0000000625000000, 0x0000000624c00000| Untracked 
| 148|0x0000000625000000, 0x0000000625400000, 0x0000000625400000|100%| O|  |TAMS 0x0000000625400000, 0x0000000625000000| Untracked 
| 149|0x0000000625400000, 0x0000000625800000, 0x0000000625800000|100%| O|  |TAMS 0x0000000625800000, 0x0000000625400000| Untracked 
| 150|0x0000000625800000, 0x0000000625c00000, 0x0000000625c00000|100%| O|  |TAMS 0x0000000625c00000, 0x0000000625800000| Untracked 
| 151|0x0000000625c00000, 0x0000000626000000, 0x0000000626000000|100%| O|  |TAMS 0x0000000626000000, 0x0000000625c00000| Untracked 
| 152|0x0000000626000000, 0x0000000626400000, 0x0000000626400000|100%| O|  |TAMS 0x0000000626400000, 0x0000000626000000| Untracked 
| 153|0x0000000626400000, 0x0000000626800000, 0x0000000626800000|100%| O|  |TAMS 0x0000000626800000, 0x0000000626400000| Untracked 
| 154|0x0000000626800000, 0x0000000626c00000, 0x0000000626c00000|100%| O|  |TAMS 0x0000000626c00000, 0x0000000626800000| Untracked 
| 155|0x0000000626c00000, 0x0000000627000000, 0x0000000627000000|100%| O|  |TAMS 0x0000000627000000, 0x0000000626c00000| Untracked 
| 156|0x0000000627000000, 0x0000000627400000, 0x0000000627400000|100%| O|  |TAMS 0x0000000627400000, 0x0000000627000000| Untracked 
| 157|0x0000000627400000, 0x0000000627610200, 0x0000000627800000| 51%| O|  |TAMS 0x0000000627610200, 0x0000000627400000| Untracked 
| 158|0x0000000627800000, 0x0000000627c00000, 0x0000000627c00000|100%| O|  |TAMS 0x0000000627c00000, 0x0000000627800000| Untracked 
| 159|0x0000000627c00000, 0x0000000628000000, 0x0000000628000000|100%| O|  |TAMS 0x0000000628000000, 0x0000000627c00000| Untracked 
| 160|0x0000000628000000, 0x0000000628400000, 0x0000000628400000|100%| O|  |TAMS 0x0000000628400000, 0x0000000628000000| Untracked 
| 161|0x0000000628400000, 0x0000000628800000, 0x0000000628800000|100%| O|  |TAMS 0x0000000628800000, 0x0000000628400000| Untracked 
| 162|0x0000000628800000, 0x0000000628c00000, 0x0000000628c00000|100%| O|  |TAMS 0x0000000628c00000, 0x0000000628800000| Untracked 
| 163|0x0000000628c00000, 0x0000000629000000, 0x0000000629000000|100%| O|  |TAMS 0x0000000629000000, 0x0000000628c00000| Untracked 
| 164|0x0000000629000000, 0x0000000629400000, 0x0000000629400000|100%| O|  |TAMS 0x0000000629400000, 0x0000000629000000| Untracked 
| 165|0x0000000629400000, 0x0000000629800000, 0x0000000629800000|100%| O|  |TAMS 0x0000000629800000, 0x0000000629400000| Untracked 
| 166|0x0000000629800000, 0x0000000629c00000, 0x0000000629c00000|100%| O|  |TAMS 0x0000000629c00000, 0x0000000629800000| Untracked 
| 167|0x0000000629c00000, 0x000000062a000000, 0x000000062a000000|100%| O|  |TAMS 0x000000062a000000, 0x0000000629c00000| Untracked 
| 168|0x000000062a000000, 0x000000062a400000, 0x000000062a400000|100%| O|  |TAMS 0x000000062a400000, 0x000000062a000000| Untracked 
| 169|0x000000062a400000, 0x000000062a800000, 0x000000062a800000|100%| O|  |TAMS 0x000000062a800000, 0x000000062a400000| Untracked 
| 170|0x000000062a800000, 0x000000062ac00000, 0x000000062ac00000|100%| O|  |TAMS 0x000000062ac00000, 0x000000062a800000| Untracked 
| 171|0x000000062ac00000, 0x000000062b000000, 0x000000062b000000|100%| O|  |TAMS 0x000000062b000000, 0x000000062ac00000| Untracked 
| 172|0x000000062b000000, 0x000000062b400000, 0x000000062b400000|100%| O|  |TAMS 0x000000062b400000, 0x000000062b000000| Untracked 
| 173|0x000000062b400000, 0x000000062b800000, 0x000000062b800000|100%| O|  |TAMS 0x000000062b800000, 0x000000062b400000| Untracked 
| 174|0x000000062b800000, 0x000000062bc00000, 0x000000062bc00000|100%| O|  |TAMS 0x000000062bc00000, 0x000000062b800000| Untracked 
| 175|0x000000062bc00000, 0x000000062c000000, 0x000000062c000000|100%| O|  |TAMS 0x000000062c000000, 0x000000062bc00000| Untracked 
| 176|0x000000062c000000, 0x000000062c400000, 0x000000062c400000|100%| O|  |TAMS 0x000000062c400000, 0x000000062c000000| Untracked 
| 177|0x000000062c400000, 0x000000062c800000, 0x000000062c800000|100%| O|  |TAMS 0x000000062c800000, 0x000000062c400000| Untracked 
| 178|0x000000062c800000, 0x000000062cc00000, 0x000000062cc00000|100%| O|  |TAMS 0x000000062cc00000, 0x000000062c800000| Untracked 
| 179|0x000000062cc00000, 0x000000062d000000, 0x000000062d000000|100%| O|  |TAMS 0x000000062d000000, 0x000000062cc00000| Untracked 
| 180|0x000000062d000000, 0x000000062d400000, 0x000000062d400000|100%| O|  |TAMS 0x000000062d400000, 0x000000062d000000| Untracked 
| 181|0x000000062d400000, 0x000000062d800000, 0x000000062d800000|100%| O|  |TAMS 0x000000062d800000, 0x000000062d400000| Untracked 
| 182|0x000000062d800000, 0x000000062dc00000, 0x000000062dc00000|100%| O|  |TAMS 0x000000062dab3e00, 0x000000062d800000| Untracked 
| 183|0x000000062dc00000, 0x000000062e000000, 0x000000062e000000|100%| O|  |TAMS 0x000000062dc00000, 0x000000062dc00000| Untracked 
| 184|0x000000062e000000, 0x000000062e400000, 0x000000062e400000|100%| O|  |TAMS 0x000000062e000000, 0x000000062e000000| Untracked 
| 185|0x000000062e400000, 0x000000062e800000, 0x000000062e800000|100%| O|  |TAMS 0x000000062e400000, 0x000000062e400000| Untracked 
| 186|0x000000062e800000, 0x000000062ec00000, 0x000000062ec00000|100%| O|  |TAMS 0x000000062e800000, 0x000000062e800000| Untracked 
| 187|0x000000062ec00000, 0x000000062f000000, 0x000000062f000000|100%| O|  |TAMS 0x000000062ec00000, 0x000000062ec00000| Untracked 
| 188|0x000000062f000000, 0x000000062f400000, 0x000000062f400000|100%| O|  |TAMS 0x000000062f000000, 0x000000062f000000| Untracked 
| 189|0x000000062f400000, 0x000000062f800000, 0x000000062f800000|100%| O|  |TAMS 0x000000062f400000, 0x000000062f400000| Untracked 
| 190|0x000000062f800000, 0x000000062fc00000, 0x000000062fc00000|100%| O|  |TAMS 0x000000062f800000, 0x000000062f800000| Untracked 
| 191|0x000000062fc00000, 0x0000000630000000, 0x0000000630000000|100%| O|  |TAMS 0x000000062fc00000, 0x000000062fc00000| Untracked 
| 192|0x0000000630000000, 0x0000000630400000, 0x0000000630400000|100%| O|  |TAMS 0x0000000630000000, 0x0000000630000000| Untracked 
| 193|0x0000000630400000, 0x0000000630800000, 0x0000000630800000|100%| O|  |TAMS 0x0000000630400000, 0x0000000630400000| Untracked 
| 194|0x0000000630800000, 0x0000000630c00000, 0x0000000630c00000|100%| O|  |TAMS 0x0000000630800000, 0x0000000630800000| Untracked 
| 195|0x0000000630c00000, 0x0000000631000000, 0x0000000631000000|100%| O|  |TAMS 0x0000000630c00000, 0x0000000630c00000| Untracked 
| 196|0x0000000631000000, 0x0000000631400000, 0x0000000631400000|100%| O|  |TAMS 0x0000000631000000, 0x0000000631000000| Untracked 
| 197|0x0000000631400000, 0x0000000631800000, 0x0000000631800000|100%| O|  |TAMS 0x0000000631400000, 0x0000000631400000| Untracked 
| 198|0x0000000631800000, 0x0000000631c00000, 0x0000000631c00000|100%| O|  |TAMS 0x0000000631800000, 0x0000000631800000| Untracked 
| 199|0x0000000631c00000, 0x0000000632000000, 0x0000000632000000|100%| O|  |TAMS 0x0000000631c00000, 0x0000000631c00000| Untracked 
| 200|0x0000000632000000, 0x0000000632400000, 0x0000000632400000|100%| O|  |TAMS 0x0000000632000000, 0x0000000632000000| Untracked 
| 201|0x0000000632400000, 0x0000000632800000, 0x0000000632800000|100%| O|  |TAMS 0x0000000632400000, 0x0000000632400000| Untracked 
| 202|0x0000000632800000, 0x0000000632c00000, 0x0000000632c00000|100%| O|  |TAMS 0x0000000632800000, 0x0000000632800000| Untracked 
| 203|0x0000000632c00000, 0x0000000633000000, 0x0000000633000000|100%| O|  |TAMS 0x0000000632c00000, 0x0000000632c00000| Untracked 
| 204|0x0000000633000000, 0x0000000633400000, 0x0000000633400000|100%| O|  |TAMS 0x0000000633000000, 0x0000000633000000| Untracked 
| 205|0x0000000633400000, 0x0000000633800000, 0x0000000633800000|100%| O|  |TAMS 0x0000000633400000, 0x0000000633400000| Untracked 
| 206|0x0000000633800000, 0x0000000633c00000, 0x0000000633c00000|100%| O|  |TAMS 0x0000000633800000, 0x0000000633800000| Untracked 
| 207|0x0000000633c00000, 0x0000000634000000, 0x0000000634000000|100%| O|  |TAMS 0x0000000633c00000, 0x0000000633c00000| Untracked 
| 208|0x0000000634000000, 0x0000000634400000, 0x0000000634400000|100%| O|  |TAMS 0x0000000634000000, 0x0000000634000000| Untracked 
| 209|0x0000000634400000, 0x0000000634800000, 0x0000000634800000|100%| O|  |TAMS 0x0000000634400000, 0x0000000634400000| Untracked 
| 210|0x0000000634800000, 0x0000000634c00000, 0x0000000634c00000|100%| O|  |TAMS 0x0000000634800000, 0x0000000634800000| Untracked 
| 211|0x0000000634c00000, 0x0000000635000000, 0x0000000635000000|100%| O|  |TAMS 0x0000000634c00000, 0x0000000634c00000| Untracked 
| 212|0x0000000635000000, 0x0000000635400000, 0x0000000635400000|100%| O|  |TAMS 0x0000000635000000, 0x0000000635000000| Untracked 
| 213|0x0000000635400000, 0x0000000635800000, 0x0000000635800000|100%| O|  |TAMS 0x0000000635400000, 0x0000000635400000| Untracked 
| 214|0x0000000635800000, 0x0000000635800000, 0x0000000635c00000|  0%| F|  |TAMS 0x0000000635800000, 0x0000000635800000| Untracked 
| 215|0x0000000635c00000, 0x0000000635c00000, 0x0000000636000000|  0%| F|  |TAMS 0x0000000635c00000, 0x0000000635c00000| Untracked 
| 216|0x0000000636000000, 0x0000000636000000, 0x0000000636400000|  0%| F|  |TAMS 0x0000000636000000, 0x0000000636000000| Untracked 
| 217|0x0000000636400000, 0x0000000636400000, 0x0000000636800000|  0%| F|  |TAMS 0x0000000636400000, 0x0000000636400000| Untracked 
| 218|0x0000000636800000, 0x0000000636800000, 0x0000000636c00000|  0%| F|  |TAMS 0x0000000636800000, 0x0000000636800000| Untracked 
| 219|0x0000000636c00000, 0x0000000636c00000, 0x0000000637000000|  0%| F|  |TAMS 0x0000000636c00000, 0x0000000636c00000| Untracked 
| 220|0x0000000637000000, 0x0000000637000000, 0x0000000637400000|  0%| F|  |TAMS 0x0000000637000000, 0x0000000637000000| Untracked 
| 221|0x0000000637400000, 0x0000000637400000, 0x0000000637800000|  0%| F|  |TAMS 0x0000000637400000, 0x0000000637400000| Untracked 
| 222|0x0000000637800000, 0x0000000637800000, 0x0000000637c00000|  0%| F|  |TAMS 0x0000000637800000, 0x0000000637800000| Untracked 
| 223|0x0000000637c00000, 0x0000000637c00000, 0x0000000638000000|  0%| F|  |TAMS 0x0000000637c00000, 0x0000000637c00000| Untracked 
| 224|0x0000000638000000, 0x0000000638000000, 0x0000000638400000|  0%| F|  |TAMS 0x0000000638000000, 0x0000000638000000| Untracked 
| 225|0x0000000638400000, 0x0000000638400000, 0x0000000638800000|  0%| F|  |TAMS 0x0000000638400000, 0x0000000638400000| Untracked 
| 226|0x0000000638800000, 0x0000000638800000, 0x0000000638c00000|  0%| F|  |TAMS 0x0000000638800000, 0x0000000638800000| Untracked 
| 227|0x0000000638c00000, 0x0000000638c00000, 0x0000000639000000|  0%| F|  |TAMS 0x0000000638c00000, 0x0000000638c00000| Untracked 
| 228|0x0000000639000000, 0x0000000639000000, 0x0000000639400000|  0%| F|  |TAMS 0x0000000639000000, 0x0000000639000000| Untracked 
| 229|0x0000000639400000, 0x0000000639400000, 0x0000000639800000|  0%| F|  |TAMS 0x0000000639400000, 0x0000000639400000| Untracked 
| 230|0x0000000639800000, 0x0000000639800000, 0x0000000639c00000|  0%| F|  |TAMS 0x0000000639800000, 0x0000000639800000| Untracked 
| 231|0x0000000639c00000, 0x0000000639c00000, 0x000000063a000000|  0%| F|  |TAMS 0x0000000639c00000, 0x0000000639c00000| Untracked 
| 232|0x000000063a000000, 0x000000063a000000, 0x000000063a400000|  0%| F|  |TAMS 0x000000063a000000, 0x000000063a000000| Untracked 
| 233|0x000000063a400000, 0x000000063a400000, 0x000000063a800000|  0%| F|  |TAMS 0x000000063a400000, 0x000000063a400000| Untracked 
| 234|0x000000063a800000, 0x000000063a800000, 0x000000063ac00000|  0%| F|  |TAMS 0x000000063a800000, 0x000000063a800000| Untracked 
| 235|0x000000063ac00000, 0x000000063ac00000, 0x000000063b000000|  0%| F|  |TAMS 0x000000063ac00000, 0x000000063ac00000| Untracked 
| 236|0x000000063b000000, 0x000000063b000000, 0x000000063b400000|  0%| F|  |TAMS 0x000000063b000000, 0x000000063b000000| Untracked 
| 237|0x000000063b400000, 0x000000063b400000, 0x000000063b800000|  0%| F|  |TAMS 0x000000063b400000, 0x000000063b400000| Untracked 
| 238|0x000000063b800000, 0x000000063b800000, 0x000000063bc00000|  0%| F|  |TAMS 0x000000063b800000, 0x000000063b800000| Untracked 
| 239|0x000000063bc00000, 0x000000063bc00000, 0x000000063c000000|  0%| F|  |TAMS 0x000000063bc00000, 0x000000063bc00000| Untracked 
| 240|0x000000063c000000, 0x000000063c000000, 0x000000063c400000|  0%| F|  |TAMS 0x000000063c000000, 0x000000063c000000| Untracked 
| 241|0x000000063c400000, 0x000000063c400000, 0x000000063c800000|  0%| F|  |TAMS 0x000000063c400000, 0x000000063c400000| Untracked 
| 242|0x000000063c800000, 0x000000063c800000, 0x000000063cc00000|  0%| F|  |TAMS 0x000000063c800000, 0x000000063c800000| Untracked 
| 243|0x000000063cc00000, 0x000000063cc00000, 0x000000063d000000|  0%| F|  |TAMS 0x000000063cc00000, 0x000000063cc00000| Untracked 
| 244|0x000000063d000000, 0x000000063d000000, 0x000000063d400000|  0%| F|  |TAMS 0x000000063d000000, 0x000000063d000000| Untracked 
| 245|0x000000063d400000, 0x000000063d400000, 0x000000063d800000|  0%| F|  |TAMS 0x000000063d400000, 0x000000063d400000| Untracked 
| 246|0x000000063d800000, 0x000000063d800000, 0x000000063dc00000|  0%| F|  |TAMS 0x000000063d800000, 0x000000063d800000| Untracked 
| 247|0x000000063dc00000, 0x000000063dc00000, 0x000000063e000000|  0%| F|  |TAMS 0x000000063dc00000, 0x000000063dc00000| Untracked 
| 248|0x000000063e000000, 0x000000063e000000, 0x000000063e400000|  0%| F|  |TAMS 0x000000063e000000, 0x000000063e000000| Untracked 
| 249|0x000000063e400000, 0x000000063e400000, 0x000000063e800000|  0%| F|  |TAMS 0x000000063e400000, 0x000000063e400000| Untracked 
| 250|0x000000063e800000, 0x000000063e800000, 0x000000063ec00000|  0%| F|  |TAMS 0x000000063e800000, 0x000000063e800000| Untracked 
| 251|0x000000063ec00000, 0x000000063ec00000, 0x000000063f000000|  0%| F|  |TAMS 0x000000063ec00000, 0x000000063ec00000| Untracked 
| 252|0x000000063f000000, 0x000000063f000000, 0x000000063f400000|  0%| F|  |TAMS 0x000000063f000000, 0x000000063f000000| Untracked 
| 253|0x000000063f400000, 0x000000063f400000, 0x000000063f800000|  0%| F|  |TAMS 0x000000063f400000, 0x000000063f400000| Untracked 
| 254|0x000000063f800000, 0x000000063f800000, 0x000000063fc00000|  0%| F|  |TAMS 0x000000063f800000, 0x000000063f800000| Untracked 
| 255|0x000000063fc00000, 0x000000063fc00000, 0x0000000640000000|  0%| F|  |TAMS 0x000000063fc00000, 0x000000063fc00000| Untracked 
| 256|0x0000000640000000, 0x0000000640000000, 0x0000000640400000|  0%| F|  |TAMS 0x0000000640000000, 0x0000000640000000| Untracked 
| 257|0x0000000640400000, 0x0000000640400000, 0x0000000640800000|  0%| F|  |TAMS 0x0000000640400000, 0x0000000640400000| Untracked 
| 258|0x0000000640800000, 0x0000000640800000, 0x0000000640c00000|  0%| F|  |TAMS 0x0000000640800000, 0x0000000640800000| Untracked 
| 259|0x0000000640c00000, 0x0000000640c00000, 0x0000000641000000|  0%| F|  |TAMS 0x0000000640c00000, 0x0000000640c00000| Untracked 
| 260|0x0000000641000000, 0x0000000641000000, 0x0000000641400000|  0%| F|  |TAMS 0x0000000641000000, 0x0000000641000000| Untracked 
| 261|0x0000000641400000, 0x0000000641400000, 0x0000000641800000|  0%| F|  |TAMS 0x0000000641400000, 0x0000000641400000| Untracked 
| 262|0x0000000641800000, 0x0000000641800000, 0x0000000641c00000|  0%| F|  |TAMS 0x0000000641800000, 0x0000000641800000| Untracked 
| 263|0x0000000641c00000, 0x0000000641c00000, 0x0000000642000000|  0%| F|  |TAMS 0x0000000641c00000, 0x0000000641c00000| Untracked 
| 264|0x0000000642000000, 0x0000000642000000, 0x0000000642400000|  0%| F|  |TAMS 0x0000000642000000, 0x0000000642000000| Untracked 
| 265|0x0000000642400000, 0x0000000642400000, 0x0000000642800000|  0%| F|  |TAMS 0x0000000642400000, 0x0000000642400000| Untracked 
| 266|0x0000000642800000, 0x0000000642800000, 0x0000000642c00000|  0%| F|  |TAMS 0x0000000642800000, 0x0000000642800000| Untracked 
| 267|0x0000000642c00000, 0x0000000642c00000, 0x0000000643000000|  0%| F|  |TAMS 0x0000000642c00000, 0x0000000642c00000| Untracked 
| 268|0x0000000643000000, 0x0000000643000000, 0x0000000643400000|  0%| F|  |TAMS 0x0000000643000000, 0x0000000643000000| Untracked 
| 269|0x0000000643400000, 0x0000000643400000, 0x0000000643800000|  0%| F|  |TAMS 0x0000000643400000, 0x0000000643400000| Untracked 
| 270|0x0000000643800000, 0x0000000643800000, 0x0000000643c00000|  0%| F|  |TAMS 0x0000000643800000, 0x0000000643800000| Untracked 
| 271|0x0000000643c00000, 0x0000000643c00000, 0x0000000644000000|  0%| F|  |TAMS 0x0000000643c00000, 0x0000000643c00000| Untracked 
| 272|0x0000000644000000, 0x0000000644000000, 0x0000000644400000|  0%| F|  |TAMS 0x0000000644000000, 0x0000000644000000| Untracked 
| 273|0x0000000644400000, 0x0000000644400000, 0x0000000644800000|  0%| F|  |TAMS 0x0000000644400000, 0x0000000644400000| Untracked 
| 274|0x0000000644800000, 0x0000000644800000, 0x0000000644c00000|  0%| F|  |TAMS 0x0000000644800000, 0x0000000644800000| Untracked 
| 275|0x0000000644c00000, 0x0000000644c00000, 0x0000000645000000|  0%| F|  |TAMS 0x0000000644c00000, 0x0000000644c00000| Untracked 
| 276|0x0000000645000000, 0x0000000645000000, 0x0000000645400000|  0%| F|  |TAMS 0x0000000645000000, 0x0000000645000000| Untracked 
| 277|0x0000000645400000, 0x0000000645400000, 0x0000000645800000|  0%| F|  |TAMS 0x0000000645400000, 0x0000000645400000| Untracked 
| 278|0x0000000645800000, 0x0000000645800000, 0x0000000645c00000|  0%| F|  |TAMS 0x0000000645800000, 0x0000000645800000| Untracked 
| 279|0x0000000645c00000, 0x0000000645c00000, 0x0000000646000000|  0%| F|  |TAMS 0x0000000645c00000, 0x0000000645c00000| Untracked 
| 280|0x0000000646000000, 0x0000000646000000, 0x0000000646400000|  0%| F|  |TAMS 0x0000000646000000, 0x0000000646000000| Untracked 
| 281|0x0000000646400000, 0x0000000646400000, 0x0000000646800000|  0%| F|  |TAMS 0x0000000646400000, 0x0000000646400000| Untracked 
| 282|0x0000000646800000, 0x0000000646800000, 0x0000000646c00000|  0%| F|  |TAMS 0x0000000646800000, 0x0000000646800000| Untracked 
| 283|0x0000000646c00000, 0x0000000646c00000, 0x0000000647000000|  0%| F|  |TAMS 0x0000000646c00000, 0x0000000646c00000| Untracked 
| 284|0x0000000647000000, 0x0000000647000000, 0x0000000647400000|  0%| F|  |TAMS 0x0000000647000000, 0x0000000647000000| Untracked 
| 285|0x0000000647400000, 0x0000000647400000, 0x0000000647800000|  0%| F|  |TAMS 0x0000000647400000, 0x0000000647400000| Untracked 
| 286|0x0000000647800000, 0x0000000647800000, 0x0000000647c00000|  0%| F|  |TAMS 0x0000000647800000, 0x0000000647800000| Untracked 
| 287|0x0000000647c00000, 0x0000000647c00000, 0x0000000648000000|  0%| F|  |TAMS 0x0000000647c00000, 0x0000000647c00000| Untracked 
| 288|0x0000000648000000, 0x0000000648000000, 0x0000000648400000|  0%| F|  |TAMS 0x0000000648000000, 0x0000000648000000| Untracked 
| 289|0x0000000648400000, 0x0000000648400000, 0x0000000648800000|  0%| F|  |TAMS 0x0000000648400000, 0x0000000648400000| Untracked 
| 290|0x0000000648800000, 0x0000000648800000, 0x0000000648c00000|  0%| F|  |TAMS 0x0000000648800000, 0x0000000648800000| Untracked 
| 291|0x0000000648c00000, 0x0000000648c00000, 0x0000000649000000|  0%| F|  |TAMS 0x0000000648c00000, 0x0000000648c00000| Untracked 
| 292|0x0000000649000000, 0x0000000649000000, 0x0000000649400000|  0%| F|  |TAMS 0x0000000649000000, 0x0000000649000000| Untracked 
| 293|0x0000000649400000, 0x0000000649400000, 0x0000000649800000|  0%| F|  |TAMS 0x0000000649400000, 0x0000000649400000| Untracked 
| 294|0x0000000649800000, 0x0000000649800000, 0x0000000649c00000|  0%| F|  |TAMS 0x0000000649800000, 0x0000000649800000| Untracked 
| 295|0x0000000649c00000, 0x0000000649c00000, 0x000000064a000000|  0%| F|  |TAMS 0x0000000649c00000, 0x0000000649c00000| Untracked 
| 296|0x000000064a000000, 0x000000064a000000, 0x000000064a400000|  0%| F|  |TAMS 0x000000064a000000, 0x000000064a000000| Untracked 
| 297|0x000000064a400000, 0x000000064a400000, 0x000000064a800000|  0%| F|  |TAMS 0x000000064a400000, 0x000000064a400000| Untracked 
| 298|0x000000064a800000, 0x000000064a800000, 0x000000064ac00000|  0%| F|  |TAMS 0x000000064a800000, 0x000000064a800000| Untracked 
| 299|0x000000064ac00000, 0x000000064ac00000, 0x000000064b000000|  0%| F|  |TAMS 0x000000064ac00000, 0x000000064ac00000| Untracked 
| 300|0x000000064b000000, 0x000000064b000000, 0x000000064b400000|  0%| F|  |TAMS 0x000000064b000000, 0x000000064b000000| Untracked 
| 301|0x000000064b400000, 0x000000064b400000, 0x000000064b800000|  0%| F|  |TAMS 0x000000064b400000, 0x000000064b400000| Untracked 
| 302|0x000000064b800000, 0x000000064b800000, 0x000000064bc00000|  0%| F|  |TAMS 0x000000064b800000, 0x000000064b800000| Untracked 
| 303|0x000000064bc00000, 0x000000064bc00000, 0x000000064c000000|  0%| F|  |TAMS 0x000000064bc00000, 0x000000064bc00000| Untracked 
| 304|0x000000064c000000, 0x000000064c000000, 0x000000064c400000|  0%| F|  |TAMS 0x000000064c000000, 0x000000064c000000| Untracked 
| 305|0x000000064c400000, 0x000000064c400000, 0x000000064c800000|  0%| F|  |TAMS 0x000000064c400000, 0x000000064c400000| Untracked 
| 306|0x000000064c800000, 0x000000064c800000, 0x000000064cc00000|  0%| F|  |TAMS 0x000000064c800000, 0x000000064c800000| Untracked 
| 307|0x000000064cc00000, 0x000000064cc00000, 0x000000064d000000|  0%| F|  |TAMS 0x000000064cc00000, 0x000000064cc00000| Untracked 
| 308|0x000000064d000000, 0x000000064d000000, 0x000000064d400000|  0%| F|  |TAMS 0x000000064d000000, 0x000000064d000000| Untracked 
| 309|0x000000064d400000, 0x000000064d400000, 0x000000064d800000|  0%| F|  |TAMS 0x000000064d400000, 0x000000064d400000| Untracked 
| 310|0x000000064d800000, 0x000000064d800000, 0x000000064dc00000|  0%| F|  |TAMS 0x000000064d800000, 0x000000064d800000| Untracked 
| 311|0x000000064dc00000, 0x000000064dc00000, 0x000000064e000000|  0%| F|  |TAMS 0x000000064dc00000, 0x000000064dc00000| Untracked 
| 312|0x000000064e000000, 0x000000064e000000, 0x000000064e400000|  0%| F|  |TAMS 0x000000064e000000, 0x000000064e000000| Untracked 
| 313|0x000000064e400000, 0x000000064e400000, 0x000000064e800000|  0%| F|  |TAMS 0x000000064e400000, 0x000000064e400000| Untracked 
| 314|0x000000064e800000, 0x000000064e800000, 0x000000064ec00000|  0%| F|  |TAMS 0x000000064e800000, 0x000000064e800000| Untracked 
| 315|0x000000064ec00000, 0x000000064ec00000, 0x000000064f000000|  0%| F|  |TAMS 0x000000064ec00000, 0x000000064ec00000| Untracked 
| 316|0x000000064f000000, 0x000000064f000000, 0x000000064f400000|  0%| F|  |TAMS 0x000000064f000000, 0x000000064f000000| Untracked 
| 317|0x000000064f400000, 0x000000064f400000, 0x000000064f800000|  0%| F|  |TAMS 0x000000064f400000, 0x000000064f400000| Untracked 
| 318|0x000000064f800000, 0x000000064f800000, 0x000000064fc00000|  0%| F|  |TAMS 0x000000064f800000, 0x000000064f800000| Untracked 
| 319|0x000000064fc00000, 0x000000064fc00000, 0x0000000650000000|  0%| F|  |TAMS 0x000000064fc00000, 0x000000064fc00000| Untracked 
| 320|0x0000000650000000, 0x0000000650000000, 0x0000000650400000|  0%| F|  |TAMS 0x0000000650000000, 0x0000000650000000| Untracked 
| 321|0x0000000650400000, 0x0000000650400000, 0x0000000650800000|  0%| F|  |TAMS 0x0000000650400000, 0x0000000650400000| Untracked 
| 322|0x0000000650800000, 0x0000000650800000, 0x0000000650c00000|  0%| F|  |TAMS 0x0000000650800000, 0x0000000650800000| Untracked 
| 323|0x0000000650c00000, 0x0000000650c00000, 0x0000000651000000|  0%| F|  |TAMS 0x0000000650c00000, 0x0000000650c00000| Untracked 
| 324|0x0000000651000000, 0x0000000651000000, 0x0000000651400000|  0%| F|  |TAMS 0x0000000651000000, 0x0000000651000000| Untracked 
| 325|0x0000000651400000, 0x0000000651400000, 0x0000000651800000|  0%| F|  |TAMS 0x0000000651400000, 0x0000000651400000| Untracked 
| 326|0x0000000651800000, 0x0000000651800000, 0x0000000651c00000|  0%| F|  |TAMS 0x0000000651800000, 0x0000000651800000| Untracked 
| 327|0x0000000651c00000, 0x0000000651c00000, 0x0000000652000000|  0%| F|  |TAMS 0x0000000651c00000, 0x0000000651c00000| Untracked 
| 328|0x0000000652000000, 0x0000000652000000, 0x0000000652400000|  0%| F|  |TAMS 0x0000000652000000, 0x0000000652000000| Untracked 
| 329|0x0000000652400000, 0x0000000652400000, 0x0000000652800000|  0%| F|  |TAMS 0x0000000652400000, 0x0000000652400000| Untracked 
| 330|0x0000000652800000, 0x0000000652800000, 0x0000000652c00000|  0%| F|  |TAMS 0x0000000652800000, 0x0000000652800000| Untracked 
| 331|0x0000000652c00000, 0x0000000652c00000, 0x0000000653000000|  0%| F|  |TAMS 0x0000000652c00000, 0x0000000652c00000| Untracked 
| 332|0x0000000653000000, 0x0000000653000000, 0x0000000653400000|  0%| F|  |TAMS 0x0000000653000000, 0x0000000653000000| Untracked 
| 333|0x0000000653400000, 0x0000000653400000, 0x0000000653800000|  0%| F|  |TAMS 0x0000000653400000, 0x0000000653400000| Untracked 
| 334|0x0000000653800000, 0x0000000653800000, 0x0000000653c00000|  0%| F|  |TAMS 0x0000000653800000, 0x0000000653800000| Untracked 
| 335|0x0000000653c00000, 0x0000000653c00000, 0x0000000654000000|  0%| F|  |TAMS 0x0000000653c00000, 0x0000000653c00000| Untracked 
| 336|0x0000000654000000, 0x0000000654000000, 0x0000000654400000|  0%| F|  |TAMS 0x0000000654000000, 0x0000000654000000| Untracked 
| 337|0x0000000654400000, 0x0000000654400000, 0x0000000654800000|  0%| F|  |TAMS 0x0000000654400000, 0x0000000654400000| Untracked 
| 338|0x0000000654800000, 0x0000000654800000, 0x0000000654c00000|  0%| F|  |TAMS 0x0000000654800000, 0x0000000654800000| Untracked 
| 339|0x0000000654c00000, 0x0000000654c00000, 0x0000000655000000|  0%| F|  |TAMS 0x0000000654c00000, 0x0000000654c00000| Untracked 
| 340|0x0000000655000000, 0x0000000655000000, 0x0000000655400000|  0%| F|  |TAMS 0x0000000655000000, 0x0000000655000000| Untracked 
| 341|0x0000000655400000, 0x0000000655400000, 0x0000000655800000|  0%| F|  |TAMS 0x0000000655400000, 0x0000000655400000| Untracked 
| 342|0x0000000655800000, 0x0000000655800000, 0x0000000655c00000|  0%| F|  |TAMS 0x0000000655800000, 0x0000000655800000| Untracked 
| 343|0x0000000655c00000, 0x0000000655c00000, 0x0000000656000000|  0%| F|  |TAMS 0x0000000655c00000, 0x0000000655c00000| Untracked 
| 344|0x0000000656000000, 0x0000000656000000, 0x0000000656400000|  0%| F|  |TAMS 0x0000000656000000, 0x0000000656000000| Untracked 
| 345|0x0000000656400000, 0x0000000656400000, 0x0000000656800000|  0%| F|  |TAMS 0x0000000656400000, 0x0000000656400000| Untracked 
| 346|0x0000000656800000, 0x0000000656800000, 0x0000000656c00000|  0%| F|  |TAMS 0x0000000656800000, 0x0000000656800000| Untracked 
| 347|0x0000000656c00000, 0x0000000656c00000, 0x0000000657000000|  0%| F|  |TAMS 0x0000000656c00000, 0x0000000656c00000| Untracked 
| 348|0x0000000657000000, 0x0000000657000000, 0x0000000657400000|  0%| F|  |TAMS 0x0000000657000000, 0x0000000657000000| Untracked 
| 349|0x0000000657400000, 0x0000000657400000, 0x0000000657800000|  0%| F|  |TAMS 0x0000000657400000, 0x0000000657400000| Untracked 
| 350|0x0000000657800000, 0x0000000657800000, 0x0000000657c00000|  0%| F|  |TAMS 0x0000000657800000, 0x0000000657800000| Untracked 
| 351|0x0000000657c00000, 0x0000000657c00000, 0x0000000658000000|  0%| F|  |TAMS 0x0000000657c00000, 0x0000000657c00000| Untracked 
| 352|0x0000000658000000, 0x0000000658000000, 0x0000000658400000|  0%| F|  |TAMS 0x0000000658000000, 0x0000000658000000| Untracked 
| 353|0x0000000658400000, 0x0000000658400000, 0x0000000658800000|  0%| F|  |TAMS 0x0000000658400000, 0x0000000658400000| Untracked 
| 354|0x0000000658800000, 0x0000000658800000, 0x0000000658c00000|  0%| F|  |TAMS 0x0000000658800000, 0x0000000658800000| Untracked 
| 355|0x0000000658c00000, 0x0000000658c00000, 0x0000000659000000|  0%| F|  |TAMS 0x0000000658c00000, 0x0000000658c00000| Untracked 
| 356|0x0000000659000000, 0x0000000659000000, 0x0000000659400000|  0%| F|  |TAMS 0x0000000659000000, 0x0000000659000000| Untracked 
| 357|0x0000000659400000, 0x0000000659400000, 0x0000000659800000|  0%| F|  |TAMS 0x0000000659400000, 0x0000000659400000| Untracked 
| 358|0x0000000659800000, 0x0000000659800000, 0x0000000659c00000|  0%| F|  |TAMS 0x0000000659800000, 0x0000000659800000| Untracked 
| 359|0x0000000659c00000, 0x0000000659c00000, 0x000000065a000000|  0%| F|  |TAMS 0x0000000659c00000, 0x0000000659c00000| Untracked 
| 360|0x000000065a000000, 0x000000065a000000, 0x000000065a400000|  0%| F|  |TAMS 0x000000065a000000, 0x000000065a000000| Untracked 
| 361|0x000000065a400000, 0x000000065a400000, 0x000000065a800000|  0%| F|  |TAMS 0x000000065a400000, 0x000000065a400000| Untracked 
| 362|0x000000065a800000, 0x000000065a800000, 0x000000065ac00000|  0%| F|  |TAMS 0x000000065a800000, 0x000000065a800000| Untracked 
| 363|0x000000065ac00000, 0x000000065ac00000, 0x000000065b000000|  0%| F|  |TAMS 0x000000065ac00000, 0x000000065ac00000| Untracked 
| 364|0x000000065b000000, 0x000000065b000000, 0x000000065b400000|  0%| F|  |TAMS 0x000000065b000000, 0x000000065b000000| Untracked 
| 365|0x000000065b400000, 0x000000065b400000, 0x000000065b800000|  0%| F|  |TAMS 0x000000065b400000, 0x000000065b400000| Untracked 
| 366|0x000000065b800000, 0x000000065b800000, 0x000000065bc00000|  0%| F|  |TAMS 0x000000065b800000, 0x000000065b800000| Untracked 
| 367|0x000000065bc00000, 0x000000065bc00000, 0x000000065c000000|  0%| F|  |TAMS 0x000000065bc00000, 0x000000065bc00000| Untracked 
| 368|0x000000065c000000, 0x000000065c000000, 0x000000065c400000|  0%| F|  |TAMS 0x000000065c000000, 0x000000065c000000| Untracked 
| 369|0x000000065c400000, 0x000000065c400000, 0x000000065c800000|  0%| F|  |TAMS 0x000000065c400000, 0x000000065c400000| Untracked 
| 370|0x000000065c800000, 0x000000065c800000, 0x000000065cc00000|  0%| F|  |TAMS 0x000000065c800000, 0x000000065c800000| Untracked 
| 371|0x000000065cc00000, 0x000000065cc00000, 0x000000065d000000|  0%| F|  |TAMS 0x000000065cc00000, 0x000000065cc00000| Untracked 
| 372|0x000000065d000000, 0x000000065d000000, 0x000000065d400000|  0%| F|  |TAMS 0x000000065d000000, 0x000000065d000000| Untracked 
| 373|0x000000065d400000, 0x000000065d400000, 0x000000065d800000|  0%| F|  |TAMS 0x000000065d400000, 0x000000065d400000| Untracked 
| 374|0x000000065d800000, 0x000000065d800000, 0x000000065dc00000|  0%| F|  |TAMS 0x000000065d800000, 0x000000065d800000| Untracked 
| 375|0x000000065dc00000, 0x000000065dc00000, 0x000000065e000000|  0%| F|  |TAMS 0x000000065dc00000, 0x000000065dc00000| Untracked 
| 376|0x000000065e000000, 0x000000065e000000, 0x000000065e400000|  0%| F|  |TAMS 0x000000065e000000, 0x000000065e000000| Untracked 
| 377|0x000000065e400000, 0x000000065e400000, 0x000000065e800000|  0%| F|  |TAMS 0x000000065e400000, 0x000000065e400000| Untracked 
| 378|0x000000065e800000, 0x000000065e800000, 0x000000065ec00000|  0%| F|  |TAMS 0x000000065e800000, 0x000000065e800000| Untracked 
| 379|0x000000065ec00000, 0x000000065ec00000, 0x000000065f000000|  0%| F|  |TAMS 0x000000065ec00000, 0x000000065ec00000| Untracked 
| 380|0x000000065f000000, 0x000000065f000000, 0x000000065f400000|  0%| F|  |TAMS 0x000000065f000000, 0x000000065f000000| Untracked 
| 381|0x000000065f400000, 0x000000065f400000, 0x000000065f800000|  0%| F|  |TAMS 0x000000065f400000, 0x000000065f400000| Untracked 
| 382|0x000000065f800000, 0x000000065f800000, 0x000000065fc00000|  0%| F|  |TAMS 0x000000065f800000, 0x000000065f800000| Untracked 
| 383|0x000000065fc00000, 0x000000065fc00000, 0x0000000660000000|  0%| F|  |TAMS 0x000000065fc00000, 0x000000065fc00000| Untracked 
| 384|0x0000000660000000, 0x0000000660000000, 0x0000000660400000|  0%| F|  |TAMS 0x0000000660000000, 0x0000000660000000| Untracked 
| 385|0x0000000660400000, 0x0000000660400000, 0x0000000660800000|  0%| F|  |TAMS 0x0000000660400000, 0x0000000660400000| Untracked 
| 386|0x0000000660800000, 0x0000000660800000, 0x0000000660c00000|  0%| F|  |TAMS 0x0000000660800000, 0x0000000660800000| Untracked 
| 387|0x0000000660c00000, 0x0000000660c00000, 0x0000000661000000|  0%| F|  |TAMS 0x0000000660c00000, 0x0000000660c00000| Untracked 
| 388|0x0000000661000000, 0x0000000661000000, 0x0000000661400000|  0%| F|  |TAMS 0x0000000661000000, 0x0000000661000000| Untracked 
| 389|0x0000000661400000, 0x0000000661400000, 0x0000000661800000|  0%| F|  |TAMS 0x0000000661400000, 0x0000000661400000| Untracked 
| 390|0x0000000661800000, 0x0000000661800000, 0x0000000661c00000|  0%| F|  |TAMS 0x0000000661800000, 0x0000000661800000| Untracked 
| 391|0x0000000661c00000, 0x0000000661c00000, 0x0000000662000000|  0%| F|  |TAMS 0x0000000661c00000, 0x0000000661c00000| Untracked 
| 392|0x0000000662000000, 0x0000000662000000, 0x0000000662400000|  0%| F|  |TAMS 0x0000000662000000, 0x0000000662000000| Untracked 
| 393|0x0000000662400000, 0x0000000662400000, 0x0000000662800000|  0%| F|  |TAMS 0x0000000662400000, 0x0000000662400000| Untracked 
| 394|0x0000000662800000, 0x0000000662800000, 0x0000000662c00000|  0%| F|  |TAMS 0x0000000662800000, 0x0000000662800000| Untracked 
| 395|0x0000000662c00000, 0x0000000662c00000, 0x0000000663000000|  0%| F|  |TAMS 0x0000000662c00000, 0x0000000662c00000| Untracked 
| 396|0x0000000663000000, 0x0000000663000000, 0x0000000663400000|  0%| F|  |TAMS 0x0000000663000000, 0x0000000663000000| Untracked 
| 397|0x0000000663400000, 0x0000000663400000, 0x0000000663800000|  0%| F|  |TAMS 0x0000000663400000, 0x0000000663400000| Untracked 
| 398|0x0000000663800000, 0x0000000663800000, 0x0000000663c00000|  0%| F|  |TAMS 0x0000000663800000, 0x0000000663800000| Untracked 
| 399|0x0000000663c00000, 0x0000000663c00000, 0x0000000664000000|  0%| F|  |TAMS 0x0000000663c00000, 0x0000000663c00000| Untracked 
| 400|0x0000000664000000, 0x0000000664000000, 0x0000000664400000|  0%| F|  |TAMS 0x0000000664000000, 0x0000000664000000| Untracked 
| 401|0x0000000664400000, 0x0000000664400000, 0x0000000664800000|  0%| F|  |TAMS 0x0000000664400000, 0x0000000664400000| Untracked 
| 402|0x0000000664800000, 0x0000000664800000, 0x0000000664c00000|  0%| F|  |TAMS 0x0000000664800000, 0x0000000664800000| Untracked 
| 403|0x0000000664c00000, 0x0000000664c00000, 0x0000000665000000|  0%| F|  |TAMS 0x0000000664c00000, 0x0000000664c00000| Untracked 
| 404|0x0000000665000000, 0x0000000665000000, 0x0000000665400000|  0%| F|  |TAMS 0x0000000665000000, 0x0000000665000000| Untracked 
| 405|0x0000000665400000, 0x0000000665400000, 0x0000000665800000|  0%| F|  |TAMS 0x0000000665400000, 0x0000000665400000| Untracked 
| 406|0x0000000665800000, 0x0000000665800000, 0x0000000665c00000|  0%| F|  |TAMS 0x0000000665800000, 0x0000000665800000| Untracked 
| 407|0x0000000665c00000, 0x0000000665c00000, 0x0000000666000000|  0%| F|  |TAMS 0x0000000665c00000, 0x0000000665c00000| Untracked 
| 408|0x0000000666000000, 0x0000000666000000, 0x0000000666400000|  0%| F|  |TAMS 0x0000000666000000, 0x0000000666000000| Untracked 
| 409|0x0000000666400000, 0x0000000666400000, 0x0000000666800000|  0%| F|  |TAMS 0x0000000666400000, 0x0000000666400000| Untracked 
| 410|0x0000000666800000, 0x0000000666800000, 0x0000000666c00000|  0%| F|  |TAMS 0x0000000666800000, 0x0000000666800000| Untracked 
| 411|0x0000000666c00000, 0x0000000666c00000, 0x0000000667000000|  0%| F|  |TAMS 0x0000000666c00000, 0x0000000666c00000| Untracked 
| 412|0x0000000667000000, 0x0000000667000000, 0x0000000667400000|  0%| F|  |TAMS 0x0000000667000000, 0x0000000667000000| Untracked 
| 413|0x0000000667400000, 0x0000000667400000, 0x0000000667800000|  0%| F|  |TAMS 0x0000000667400000, 0x0000000667400000| Untracked 
| 414|0x0000000667800000, 0x0000000667800000, 0x0000000667c00000|  0%| F|  |TAMS 0x0000000667800000, 0x0000000667800000| Untracked 
| 415|0x0000000667c00000, 0x0000000667c00000, 0x0000000668000000|  0%| F|  |TAMS 0x0000000667c00000, 0x0000000667c00000| Untracked 
| 416|0x0000000668000000, 0x0000000668000000, 0x0000000668400000|  0%| F|  |TAMS 0x0000000668000000, 0x0000000668000000| Untracked 
| 417|0x0000000668400000, 0x0000000668400000, 0x0000000668800000|  0%| F|  |TAMS 0x0000000668400000, 0x0000000668400000| Untracked 
| 418|0x0000000668800000, 0x0000000668800000, 0x0000000668c00000|  0%| F|  |TAMS 0x0000000668800000, 0x0000000668800000| Untracked 
| 419|0x0000000668c00000, 0x0000000668c00000, 0x0000000669000000|  0%| F|  |TAMS 0x0000000668c00000, 0x0000000668c00000| Untracked 
| 420|0x0000000669000000, 0x0000000669000000, 0x0000000669400000|  0%| F|  |TAMS 0x0000000669000000, 0x0000000669000000| Untracked 
| 421|0x0000000669400000, 0x0000000669400000, 0x0000000669800000|  0%| F|  |TAMS 0x0000000669400000, 0x0000000669400000| Untracked 
| 422|0x0000000669800000, 0x0000000669800000, 0x0000000669c00000|  0%| F|  |TAMS 0x0000000669800000, 0x0000000669800000| Untracked 
| 423|0x0000000669c00000, 0x0000000669c00000, 0x000000066a000000|  0%| F|  |TAMS 0x0000000669c00000, 0x0000000669c00000| Untracked 
| 424|0x000000066a000000, 0x000000066a000000, 0x000000066a400000|  0%| F|  |TAMS 0x000000066a000000, 0x000000066a000000| Untracked 
| 425|0x000000066a400000, 0x000000066a400000, 0x000000066a800000|  0%| F|  |TAMS 0x000000066a400000, 0x000000066a400000| Untracked 
| 426|0x000000066a800000, 0x000000066a800000, 0x000000066ac00000|  0%| F|  |TAMS 0x000000066a800000, 0x000000066a800000| Untracked 
| 427|0x000000066ac00000, 0x000000066ac00000, 0x000000066b000000|  0%| F|  |TAMS 0x000000066ac00000, 0x000000066ac00000| Untracked 
| 428|0x000000066b000000, 0x000000066b000000, 0x000000066b400000|  0%| F|  |TAMS 0x000000066b000000, 0x000000066b000000| Untracked 
| 429|0x000000066b400000, 0x000000066b400000, 0x000000066b800000|  0%| F|  |TAMS 0x000000066b400000, 0x000000066b400000| Untracked 
| 430|0x000000066b800000, 0x000000066b800000, 0x000000066bc00000|  0%| F|  |TAMS 0x000000066b800000, 0x000000066b800000| Untracked 
| 431|0x000000066bc00000, 0x000000066bc00000, 0x000000066c000000|  0%| F|  |TAMS 0x000000066bc00000, 0x000000066bc00000| Untracked 
| 432|0x000000066c000000, 0x000000066c000000, 0x000000066c400000|  0%| F|  |TAMS 0x000000066c000000, 0x000000066c000000| Untracked 
| 433|0x000000066c400000, 0x000000066c400000, 0x000000066c800000|  0%| F|  |TAMS 0x000000066c400000, 0x000000066c400000| Untracked 
| 434|0x000000066c800000, 0x000000066c800000, 0x000000066cc00000|  0%| F|  |TAMS 0x000000066c800000, 0x000000066c800000| Untracked 
| 435|0x000000066cc00000, 0x000000066cc00000, 0x000000066d000000|  0%| F|  |TAMS 0x000000066cc00000, 0x000000066cc00000| Untracked 
| 436|0x000000066d000000, 0x000000066d000000, 0x000000066d400000|  0%| F|  |TAMS 0x000000066d000000, 0x000000066d000000| Untracked 
| 437|0x000000066d400000, 0x000000066d400000, 0x000000066d800000|  0%| F|  |TAMS 0x000000066d400000, 0x000000066d400000| Untracked 
| 438|0x000000066d800000, 0x000000066d800000, 0x000000066dc00000|  0%| F|  |TAMS 0x000000066d800000, 0x000000066d800000| Untracked 
| 439|0x000000066dc00000, 0x000000066dc00000, 0x000000066e000000|  0%| F|  |TAMS 0x000000066dc00000, 0x000000066dc00000| Untracked 
| 440|0x000000066e000000, 0x000000066e000000, 0x000000066e400000|  0%| F|  |TAMS 0x000000066e000000, 0x000000066e000000| Untracked 
| 441|0x000000066e400000, 0x000000066e400000, 0x000000066e800000|  0%| F|  |TAMS 0x000000066e400000, 0x000000066e400000| Untracked 
| 442|0x000000066e800000, 0x000000066e800000, 0x000000066ec00000|  0%| F|  |TAMS 0x000000066e800000, 0x000000066e800000| Untracked 
| 443|0x000000066ec00000, 0x000000066ec00000, 0x000000066f000000|  0%| F|  |TAMS 0x000000066ec00000, 0x000000066ec00000| Untracked 
| 444|0x000000066f000000, 0x000000066f000000, 0x000000066f400000|  0%| F|  |TAMS 0x000000066f000000, 0x000000066f000000| Untracked 
| 445|0x000000066f400000, 0x000000066f400000, 0x000000066f800000|  0%| F|  |TAMS 0x000000066f400000, 0x000000066f400000| Untracked 
| 446|0x000000066f800000, 0x000000066f800000, 0x000000066fc00000|  0%| F|  |TAMS 0x000000066f800000, 0x000000066f800000| Untracked 
| 447|0x000000066fc00000, 0x000000066fc00000, 0x0000000670000000|  0%| F|  |TAMS 0x000000066fc00000, 0x000000066fc00000| Untracked 
| 448|0x0000000670000000, 0x0000000670000000, 0x0000000670400000|  0%| F|  |TAMS 0x0000000670000000, 0x0000000670000000| Untracked 
| 449|0x0000000670400000, 0x0000000670400000, 0x0000000670800000|  0%| F|  |TAMS 0x0000000670400000, 0x0000000670400000| Untracked 
| 450|0x0000000670800000, 0x0000000670800000, 0x0000000670c00000|  0%| F|  |TAMS 0x0000000670800000, 0x0000000670800000| Untracked 
| 451|0x0000000670c00000, 0x0000000670c00000, 0x0000000671000000|  0%| F|  |TAMS 0x0000000670c00000, 0x0000000670c00000| Untracked 
| 452|0x0000000671000000, 0x0000000671000000, 0x0000000671400000|  0%| F|  |TAMS 0x0000000671000000, 0x0000000671000000| Untracked 
| 453|0x0000000671400000, 0x0000000671400000, 0x0000000671800000|  0%| F|  |TAMS 0x0000000671400000, 0x0000000671400000| Untracked 
| 454|0x0000000671800000, 0x0000000671800000, 0x0000000671c00000|  0%| F|  |TAMS 0x0000000671800000, 0x0000000671800000| Untracked 
| 455|0x0000000671c00000, 0x0000000671c00000, 0x0000000672000000|  0%| F|  |TAMS 0x0000000671c00000, 0x0000000671c00000| Untracked 
| 456|0x0000000672000000, 0x0000000672000000, 0x0000000672400000|  0%| F|  |TAMS 0x0000000672000000, 0x0000000672000000| Untracked 
| 457|0x0000000672400000, 0x0000000672400000, 0x0000000672800000|  0%| F|  |TAMS 0x0000000672400000, 0x0000000672400000| Untracked 
| 458|0x0000000672800000, 0x0000000672800000, 0x0000000672c00000|  0%| F|  |TAMS 0x0000000672800000, 0x0000000672800000| Untracked 
| 459|0x0000000672c00000, 0x0000000672c00000, 0x0000000673000000|  0%| F|  |TAMS 0x0000000672c00000, 0x0000000672c00000| Untracked 
| 460|0x0000000673000000, 0x0000000673000000, 0x0000000673400000|  0%| F|  |TAMS 0x0000000673000000, 0x0000000673000000| Untracked 
| 461|0x0000000673400000, 0x0000000673400000, 0x0000000673800000|  0%| F|  |TAMS 0x0000000673400000, 0x0000000673400000| Untracked 
| 462|0x0000000673800000, 0x0000000673800000, 0x0000000673c00000|  0%| F|  |TAMS 0x0000000673800000, 0x0000000673800000| Untracked 
| 463|0x0000000673c00000, 0x0000000673c00000, 0x0000000674000000|  0%| F|  |TAMS 0x0000000673c00000, 0x0000000673c00000| Untracked 
| 464|0x0000000674000000, 0x0000000674000000, 0x0000000674400000|  0%| F|  |TAMS 0x0000000674000000, 0x0000000674000000| Untracked 
| 465|0x0000000674400000, 0x0000000674400000, 0x0000000674800000|  0%| F|  |TAMS 0x0000000674400000, 0x0000000674400000| Untracked 
| 466|0x0000000674800000, 0x0000000674800000, 0x0000000674c00000|  0%| F|  |TAMS 0x0000000674800000, 0x0000000674800000| Untracked 
| 467|0x0000000674c00000, 0x0000000674c00000, 0x0000000675000000|  0%| F|  |TAMS 0x0000000674c00000, 0x0000000674c00000| Untracked 
| 468|0x0000000675000000, 0x0000000675000000, 0x0000000675400000|  0%| F|  |TAMS 0x0000000675000000, 0x0000000675000000| Untracked 
| 469|0x0000000675400000, 0x0000000675400000, 0x0000000675800000|  0%| F|  |TAMS 0x0000000675400000, 0x0000000675400000| Untracked 
| 470|0x0000000675800000, 0x0000000675800000, 0x0000000675c00000|  0%| F|  |TAMS 0x0000000675800000, 0x0000000675800000| Untracked 
| 471|0x0000000675c00000, 0x0000000675c00000, 0x0000000676000000|  0%| F|  |TAMS 0x0000000675c00000, 0x0000000675c00000| Untracked 
| 472|0x0000000676000000, 0x0000000676000000, 0x0000000676400000|  0%| F|  |TAMS 0x0000000676000000, 0x0000000676000000| Untracked 
| 473|0x0000000676400000, 0x0000000676400000, 0x0000000676800000|  0%| F|  |TAMS 0x0000000676400000, 0x0000000676400000| Untracked 
| 474|0x0000000676800000, 0x0000000676800000, 0x0000000676c00000|  0%| F|  |TAMS 0x0000000676800000, 0x0000000676800000| Untracked 
| 475|0x0000000676c00000, 0x0000000676c00000, 0x0000000677000000|  0%| F|  |TAMS 0x0000000676c00000, 0x0000000676c00000| Untracked 
| 476|0x0000000677000000, 0x0000000677000000, 0x0000000677400000|  0%| F|  |TAMS 0x0000000677000000, 0x0000000677000000| Untracked 
| 477|0x0000000677400000, 0x0000000677400000, 0x0000000677800000|  0%| F|  |TAMS 0x0000000677400000, 0x0000000677400000| Untracked 
| 478|0x0000000677800000, 0x0000000677800000, 0x0000000677c00000|  0%| F|  |TAMS 0x0000000677800000, 0x0000000677800000| Untracked 
| 479|0x0000000677c00000, 0x0000000677c00000, 0x0000000678000000|  0%| F|  |TAMS 0x0000000677c00000, 0x0000000677c00000| Untracked 
| 480|0x0000000678000000, 0x0000000678000000, 0x0000000678400000|  0%| F|  |TAMS 0x0000000678000000, 0x0000000678000000| Untracked 
| 481|0x0000000678400000, 0x0000000678400000, 0x0000000678800000|  0%| F|  |TAMS 0x0000000678400000, 0x0000000678400000| Untracked 
| 482|0x0000000678800000, 0x0000000678800000, 0x0000000678c00000|  0%| F|  |TAMS 0x0000000678800000, 0x0000000678800000| Untracked 
| 483|0x0000000678c00000, 0x0000000678c00000, 0x0000000679000000|  0%| F|  |TAMS 0x0000000678c00000, 0x0000000678c00000| Untracked 
| 484|0x0000000679000000, 0x0000000679000000, 0x0000000679400000|  0%| F|  |TAMS 0x0000000679000000, 0x0000000679000000| Untracked 
| 485|0x0000000679400000, 0x0000000679400000, 0x0000000679800000|  0%| F|  |TAMS 0x0000000679400000, 0x0000000679400000| Untracked 
| 486|0x0000000679800000, 0x0000000679800000, 0x0000000679c00000|  0%| F|  |TAMS 0x0000000679800000, 0x0000000679800000| Untracked 
| 487|0x0000000679c00000, 0x0000000679c00000, 0x000000067a000000|  0%| F|  |TAMS 0x0000000679c00000, 0x0000000679c00000| Untracked 
| 488|0x000000067a000000, 0x000000067a000000, 0x000000067a400000|  0%| F|  |TAMS 0x000000067a000000, 0x000000067a000000| Untracked 
| 489|0x000000067a400000, 0x000000067a400000, 0x000000067a800000|  0%| F|  |TAMS 0x000000067a400000, 0x000000067a400000| Untracked 
| 490|0x000000067a800000, 0x000000067a800000, 0x000000067ac00000|  0%| F|  |TAMS 0x000000067a800000, 0x000000067a800000| Untracked 
| 491|0x000000067ac00000, 0x000000067ac00000, 0x000000067b000000|  0%| F|  |TAMS 0x000000067ac00000, 0x000000067ac00000| Untracked 
| 492|0x000000067b000000, 0x000000067b000000, 0x000000067b400000|  0%| F|  |TAMS 0x000000067b000000, 0x000000067b000000| Untracked 
| 493|0x000000067b400000, 0x000000067b400000, 0x000000067b800000|  0%| F|  |TAMS 0x000000067b400000, 0x000000067b400000| Untracked 
| 494|0x000000067b800000, 0x000000067b800000, 0x000000067bc00000|  0%| F|  |TAMS 0x000000067b800000, 0x000000067b800000| Untracked 
| 495|0x000000067bc00000, 0x000000067bc00000, 0x000000067c000000|  0%| F|  |TAMS 0x000000067bc00000, 0x000000067bc00000| Untracked 
| 496|0x000000067c000000, 0x000000067c000000, 0x000000067c400000|  0%| F|  |TAMS 0x000000067c000000, 0x000000067c000000| Untracked 
| 497|0x000000067c400000, 0x000000067c400000, 0x000000067c800000|  0%| F|  |TAMS 0x000000067c400000, 0x000000067c400000| Untracked 
| 498|0x000000067c800000, 0x000000067c800000, 0x000000067cc00000|  0%| F|  |TAMS 0x000000067c800000, 0x000000067c800000| Untracked 
| 499|0x000000067cc00000, 0x000000067cc00000, 0x000000067d000000|  0%| F|  |TAMS 0x000000067cc00000, 0x000000067cc00000| Untracked 
| 500|0x000000067d000000, 0x000000067d000000, 0x000000067d400000|  0%| F|  |TAMS 0x000000067d000000, 0x000000067d000000| Untracked 
| 501|0x000000067d400000, 0x000000067d400000, 0x000000067d800000|  0%| F|  |TAMS 0x000000067d400000, 0x000000067d400000| Untracked 
| 502|0x000000067d800000, 0x000000067d800000, 0x000000067dc00000|  0%| F|  |TAMS 0x000000067d800000, 0x000000067d800000| Untracked 
| 503|0x000000067dc00000, 0x000000067dc00000, 0x000000067e000000|  0%| F|  |TAMS 0x000000067dc00000, 0x000000067dc00000| Untracked 
| 504|0x000000067e000000, 0x000000067e000000, 0x000000067e400000|  0%| F|  |TAMS 0x000000067e000000, 0x000000067e000000| Untracked 
| 505|0x000000067e400000, 0x000000067e400000, 0x000000067e800000|  0%| F|  |TAMS 0x000000067e400000, 0x000000067e400000| Untracked 
| 506|0x000000067e800000, 0x000000067e800000, 0x000000067ec00000|  0%| F|  |TAMS 0x000000067e800000, 0x000000067e800000| Untracked 
| 507|0x000000067ec00000, 0x000000067ec00000, 0x000000067f000000|  0%| F|  |TAMS 0x000000067ec00000, 0x000000067ec00000| Untracked 
| 508|0x000000067f000000, 0x000000067f000000, 0x000000067f400000|  0%| F|  |TAMS 0x000000067f000000, 0x000000067f000000| Untracked 
| 509|0x000000067f400000, 0x000000067f400000, 0x000000067f800000|  0%| F|  |TAMS 0x000000067f400000, 0x000000067f400000| Untracked 
| 510|0x000000067f800000, 0x000000067f800000, 0x000000067fc00000|  0%| F|  |TAMS 0x000000067f800000, 0x000000067f800000| Untracked 
| 511|0x000000067fc00000, 0x000000067fc00000, 0x0000000680000000|  0%| F|  |TAMS 0x000000067fc00000, 0x000000067fc00000| Untracked 
| 512|0x0000000680000000, 0x0000000680000000, 0x0000000680400000|  0%| F|  |TAMS 0x0000000680000000, 0x0000000680000000| Untracked 
| 513|0x0000000680400000, 0x0000000680400000, 0x0000000680800000|  0%| F|  |TAMS 0x0000000680400000, 0x0000000680400000| Untracked 
| 514|0x0000000680800000, 0x0000000680800000, 0x0000000680c00000|  0%| F|  |TAMS 0x0000000680800000, 0x0000000680800000| Untracked 
| 515|0x0000000680c00000, 0x0000000680c00000, 0x0000000681000000|  0%| F|  |TAMS 0x0000000680c00000, 0x0000000680c00000| Untracked 
| 516|0x0000000681000000, 0x0000000681000000, 0x0000000681400000|  0%| F|  |TAMS 0x0000000681000000, 0x0000000681000000| Untracked 
| 517|0x0000000681400000, 0x0000000681400000, 0x0000000681800000|  0%| F|  |TAMS 0x0000000681400000, 0x0000000681400000| Untracked 
| 518|0x0000000681800000, 0x0000000681800000, 0x0000000681c00000|  0%| F|  |TAMS 0x0000000681800000, 0x0000000681800000| Untracked 
| 519|0x0000000681c00000, 0x0000000681c00000, 0x0000000682000000|  0%| F|  |TAMS 0x0000000681c00000, 0x0000000681c00000| Untracked 
| 520|0x0000000682000000, 0x0000000682000000, 0x0000000682400000|  0%| F|  |TAMS 0x0000000682000000, 0x0000000682000000| Untracked 
| 521|0x0000000682400000, 0x0000000682400000, 0x0000000682800000|  0%| F|  |TAMS 0x0000000682400000, 0x0000000682400000| Untracked 
| 522|0x0000000682800000, 0x0000000682800000, 0x0000000682c00000|  0%| F|  |TAMS 0x0000000682800000, 0x0000000682800000| Untracked 
| 523|0x0000000682c00000, 0x0000000682c00000, 0x0000000683000000|  0%| F|  |TAMS 0x0000000682c00000, 0x0000000682c00000| Untracked 
| 524|0x0000000683000000, 0x0000000683000000, 0x0000000683400000|  0%| F|  |TAMS 0x0000000683000000, 0x0000000683000000| Untracked 
| 525|0x0000000683400000, 0x0000000683400000, 0x0000000683800000|  0%| F|  |TAMS 0x0000000683400000, 0x0000000683400000| Untracked 
| 526|0x0000000683800000, 0x0000000683800000, 0x0000000683c00000|  0%| F|  |TAMS 0x0000000683800000, 0x0000000683800000| Untracked 
| 527|0x0000000683c00000, 0x0000000683c00000, 0x0000000684000000|  0%| F|  |TAMS 0x0000000683c00000, 0x0000000683c00000| Untracked 
| 528|0x0000000684000000, 0x0000000684000000, 0x0000000684400000|  0%| F|  |TAMS 0x0000000684000000, 0x0000000684000000| Untracked 
| 529|0x0000000684400000, 0x0000000684400000, 0x0000000684800000|  0%| F|  |TAMS 0x0000000684400000, 0x0000000684400000| Untracked 
| 530|0x0000000684800000, 0x0000000684800000, 0x0000000684c00000|  0%| F|  |TAMS 0x0000000684800000, 0x0000000684800000| Untracked 
| 531|0x0000000684c00000, 0x0000000684c00000, 0x0000000685000000|  0%| F|  |TAMS 0x0000000684c00000, 0x0000000684c00000| Untracked 
| 532|0x0000000685000000, 0x0000000685000000, 0x0000000685400000|  0%| F|  |TAMS 0x0000000685000000, 0x0000000685000000| Untracked 
| 533|0x0000000685400000, 0x0000000685400000, 0x0000000685800000|  0%| F|  |TAMS 0x0000000685400000, 0x0000000685400000| Untracked 
| 534|0x0000000685800000, 0x0000000685800000, 0x0000000685c00000|  0%| F|  |TAMS 0x0000000685800000, 0x0000000685800000| Untracked 
| 535|0x0000000685c00000, 0x0000000685c00000, 0x0000000686000000|  0%| F|  |TAMS 0x0000000685c00000, 0x0000000685c00000| Untracked 
| 536|0x0000000686000000, 0x0000000686000000, 0x0000000686400000|  0%| F|  |TAMS 0x0000000686000000, 0x0000000686000000| Untracked 
| 537|0x0000000686400000, 0x0000000686400000, 0x0000000686800000|  0%| F|  |TAMS 0x0000000686400000, 0x0000000686400000| Untracked 
| 538|0x0000000686800000, 0x0000000686800000, 0x0000000686c00000|  0%| F|  |TAMS 0x0000000686800000, 0x0000000686800000| Untracked 
| 539|0x0000000686c00000, 0x0000000686c00000, 0x0000000687000000|  0%| F|  |TAMS 0x0000000686c00000, 0x0000000686c00000| Untracked 
| 540|0x0000000687000000, 0x0000000687000000, 0x0000000687400000|  0%| F|  |TAMS 0x0000000687000000, 0x0000000687000000| Untracked 
| 541|0x0000000687400000, 0x0000000687400000, 0x0000000687800000|  0%| F|  |TAMS 0x0000000687400000, 0x0000000687400000| Untracked 
| 542|0x0000000687800000, 0x0000000687800000, 0x0000000687c00000|  0%| F|  |TAMS 0x0000000687800000, 0x0000000687800000| Untracked 
| 543|0x0000000687c00000, 0x0000000687c00000, 0x0000000688000000|  0%| F|  |TAMS 0x0000000687c00000, 0x0000000687c00000| Untracked 
| 544|0x0000000688000000, 0x0000000688000000, 0x0000000688400000|  0%| F|  |TAMS 0x0000000688000000, 0x0000000688000000| Untracked 
| 545|0x0000000688400000, 0x0000000688400000, 0x0000000688800000|  0%| F|  |TAMS 0x0000000688400000, 0x0000000688400000| Untracked 
| 546|0x0000000688800000, 0x0000000688800000, 0x0000000688c00000|  0%| F|  |TAMS 0x0000000688800000, 0x0000000688800000| Untracked 
| 547|0x0000000688c00000, 0x0000000688c00000, 0x0000000689000000|  0%| F|  |TAMS 0x0000000688c00000, 0x0000000688c00000| Untracked 
| 548|0x0000000689000000, 0x0000000689000000, 0x0000000689400000|  0%| F|  |TAMS 0x0000000689000000, 0x0000000689000000| Untracked 
| 549|0x0000000689400000, 0x0000000689400000, 0x0000000689800000|  0%| F|  |TAMS 0x0000000689400000, 0x0000000689400000| Untracked 
| 550|0x0000000689800000, 0x0000000689800000, 0x0000000689c00000|  0%| F|  |TAMS 0x0000000689800000, 0x0000000689800000| Untracked 
| 551|0x0000000689c00000, 0x0000000689c00000, 0x000000068a000000|  0%| F|  |TAMS 0x0000000689c00000, 0x0000000689c00000| Untracked 
| 552|0x000000068a000000, 0x000000068a000000, 0x000000068a400000|  0%| F|  |TAMS 0x000000068a000000, 0x000000068a000000| Untracked 
| 553|0x000000068a400000, 0x000000068a400000, 0x000000068a800000|  0%| F|  |TAMS 0x000000068a400000, 0x000000068a400000| Untracked 
| 554|0x000000068a800000, 0x000000068a800000, 0x000000068ac00000|  0%| F|  |TAMS 0x000000068a800000, 0x000000068a800000| Untracked 
| 555|0x000000068ac00000, 0x000000068ac00000, 0x000000068b000000|  0%| F|  |TAMS 0x000000068ac00000, 0x000000068ac00000| Untracked 
| 556|0x000000068b000000, 0x000000068b000000, 0x000000068b400000|  0%| F|  |TAMS 0x000000068b000000, 0x000000068b000000| Untracked 
| 557|0x000000068b400000, 0x000000068b400000, 0x000000068b800000|  0%| F|  |TAMS 0x000000068b400000, 0x000000068b400000| Untracked 
| 558|0x000000068b800000, 0x000000068b800000, 0x000000068bc00000|  0%| F|  |TAMS 0x000000068b800000, 0x000000068b800000| Untracked 
| 559|0x000000068bc00000, 0x000000068bc00000, 0x000000068c000000|  0%| F|  |TAMS 0x000000068bc00000, 0x000000068bc00000| Untracked 
| 560|0x000000068c000000, 0x000000068c000000, 0x000000068c400000|  0%| F|  |TAMS 0x000000068c000000, 0x000000068c000000| Untracked 
| 561|0x000000068c400000, 0x000000068c400000, 0x000000068c800000|  0%| F|  |TAMS 0x000000068c400000, 0x000000068c400000| Untracked 
| 562|0x000000068c800000, 0x000000068c800000, 0x000000068cc00000|  0%| F|  |TAMS 0x000000068c800000, 0x000000068c800000| Untracked 
| 563|0x000000068cc00000, 0x000000068cc00000, 0x000000068d000000|  0%| F|  |TAMS 0x000000068cc00000, 0x000000068cc00000| Untracked 
| 564|0x000000068d000000, 0x000000068d000000, 0x000000068d400000|  0%| F|  |TAMS 0x000000068d000000, 0x000000068d000000| Untracked 
| 565|0x000000068d400000, 0x000000068d400000, 0x000000068d800000|  0%| F|  |TAMS 0x000000068d400000, 0x000000068d400000| Untracked 
| 566|0x000000068d800000, 0x000000068d800000, 0x000000068dc00000|  0%| F|  |TAMS 0x000000068d800000, 0x000000068d800000| Untracked 
| 567|0x000000068dc00000, 0x000000068dc00000, 0x000000068e000000|  0%| F|  |TAMS 0x000000068dc00000, 0x000000068dc00000| Untracked 
| 568|0x000000068e000000, 0x000000068e000000, 0x000000068e400000|  0%| F|  |TAMS 0x000000068e000000, 0x000000068e000000| Untracked 
| 569|0x000000068e400000, 0x000000068e400000, 0x000000068e800000|  0%| F|  |TAMS 0x000000068e400000, 0x000000068e400000| Untracked 
| 570|0x000000068e800000, 0x000000068e800000, 0x000000068ec00000|  0%| F|  |TAMS 0x000000068e800000, 0x000000068e800000| Untracked 
| 571|0x000000068ec00000, 0x000000068ec00000, 0x000000068f000000|  0%| F|  |TAMS 0x000000068ec00000, 0x000000068ec00000| Untracked 
| 572|0x000000068f000000, 0x000000068f000000, 0x000000068f400000|  0%| F|  |TAMS 0x000000068f000000, 0x000000068f000000| Untracked 
| 573|0x000000068f400000, 0x000000068f400000, 0x000000068f800000|  0%| F|  |TAMS 0x000000068f400000, 0x000000068f400000| Untracked 
| 574|0x000000068f800000, 0x000000068f800000, 0x000000068fc00000|  0%| F|  |TAMS 0x000000068f800000, 0x000000068f800000| Untracked 
| 575|0x000000068fc00000, 0x000000068fc00000, 0x0000000690000000|  0%| F|  |TAMS 0x000000068fc00000, 0x000000068fc00000| Untracked 
| 576|0x0000000690000000, 0x0000000690000000, 0x0000000690400000|  0%| F|  |TAMS 0x0000000690000000, 0x0000000690000000| Untracked 
| 577|0x0000000690400000, 0x0000000690400000, 0x0000000690800000|  0%| F|  |TAMS 0x0000000690400000, 0x0000000690400000| Untracked 
| 578|0x0000000690800000, 0x0000000690800000, 0x0000000690c00000|  0%| F|  |TAMS 0x0000000690800000, 0x0000000690800000| Untracked 
| 579|0x0000000690c00000, 0x0000000690c00000, 0x0000000691000000|  0%| F|  |TAMS 0x0000000690c00000, 0x0000000690c00000| Untracked 
| 580|0x0000000691000000, 0x0000000691000000, 0x0000000691400000|  0%| F|  |TAMS 0x0000000691000000, 0x0000000691000000| Untracked 
| 581|0x0000000691400000, 0x0000000691400000, 0x0000000691800000|  0%| F|  |TAMS 0x0000000691400000, 0x0000000691400000| Untracked 
| 582|0x0000000691800000, 0x0000000691800000, 0x0000000691c00000|  0%| F|  |TAMS 0x0000000691800000, 0x0000000691800000| Untracked 
| 583|0x0000000691c00000, 0x0000000691c00000, 0x0000000692000000|  0%| F|  |TAMS 0x0000000691c00000, 0x0000000691c00000| Untracked 
| 584|0x0000000692000000, 0x0000000692000000, 0x0000000692400000|  0%| F|  |TAMS 0x0000000692000000, 0x0000000692000000| Untracked 
| 585|0x0000000692400000, 0x0000000692400000, 0x0000000692800000|  0%| F|  |TAMS 0x0000000692400000, 0x0000000692400000| Untracked 
| 586|0x0000000692800000, 0x0000000692800000, 0x0000000692c00000|  0%| F|  |TAMS 0x0000000692800000, 0x0000000692800000| Untracked 
| 587|0x0000000692c00000, 0x0000000692c00000, 0x0000000693000000|  0%| F|  |TAMS 0x0000000692c00000, 0x0000000692c00000| Untracked 
| 588|0x0000000693000000, 0x0000000693000000, 0x0000000693400000|  0%| F|  |TAMS 0x0000000693000000, 0x0000000693000000| Untracked 
| 589|0x0000000693400000, 0x0000000693400000, 0x0000000693800000|  0%| F|  |TAMS 0x0000000693400000, 0x0000000693400000| Untracked 
| 590|0x0000000693800000, 0x0000000693800000, 0x0000000693c00000|  0%| F|  |TAMS 0x0000000693800000, 0x0000000693800000| Untracked 
| 591|0x0000000693c00000, 0x0000000693c00000, 0x0000000694000000|  0%| F|  |TAMS 0x0000000693c00000, 0x0000000693c00000| Untracked 
| 592|0x0000000694000000, 0x0000000694000000, 0x0000000694400000|  0%| F|  |TAMS 0x0000000694000000, 0x0000000694000000| Untracked 
| 593|0x0000000694400000, 0x0000000694400000, 0x0000000694800000|  0%| F|  |TAMS 0x0000000694400000, 0x0000000694400000| Untracked 
| 594|0x0000000694800000, 0x0000000694800000, 0x0000000694c00000|  0%| F|  |TAMS 0x0000000694800000, 0x0000000694800000| Untracked 
| 595|0x0000000694c00000, 0x0000000694c00000, 0x0000000695000000|  0%| F|  |TAMS 0x0000000694c00000, 0x0000000694c00000| Untracked 
| 596|0x0000000695000000, 0x0000000695000000, 0x0000000695400000|  0%| F|  |TAMS 0x0000000695000000, 0x0000000695000000| Untracked 
| 597|0x0000000695400000, 0x0000000695400000, 0x0000000695800000|  0%| F|  |TAMS 0x0000000695400000, 0x0000000695400000| Untracked 
| 598|0x0000000695800000, 0x0000000695800000, 0x0000000695c00000|  0%| F|  |TAMS 0x0000000695800000, 0x0000000695800000| Untracked 
| 599|0x0000000695c00000, 0x0000000695c00000, 0x0000000696000000|  0%| F|  |TAMS 0x0000000695c00000, 0x0000000695c00000| Untracked 
| 600|0x0000000696000000, 0x0000000696000000, 0x0000000696400000|  0%| F|  |TAMS 0x0000000696000000, 0x0000000696000000| Untracked 
| 601|0x0000000696400000, 0x0000000696400000, 0x0000000696800000|  0%| F|  |TAMS 0x0000000696400000, 0x0000000696400000| Untracked 
| 602|0x0000000696800000, 0x0000000696800000, 0x0000000696c00000|  0%| F|  |TAMS 0x0000000696800000, 0x0000000696800000| Untracked 
| 603|0x0000000696c00000, 0x0000000696c00000, 0x0000000697000000|  0%| F|  |TAMS 0x0000000696c00000, 0x0000000696c00000| Untracked 
| 604|0x0000000697000000, 0x0000000697000000, 0x0000000697400000|  0%| F|  |TAMS 0x0000000697000000, 0x0000000697000000| Untracked 
| 605|0x0000000697400000, 0x0000000697400000, 0x0000000697800000|  0%| F|  |TAMS 0x0000000697400000, 0x0000000697400000| Untracked 
| 606|0x0000000697800000, 0x0000000697800000, 0x0000000697c00000|  0%| F|  |TAMS 0x0000000697800000, 0x0000000697800000| Untracked 
| 607|0x0000000697c00000, 0x0000000697c00000, 0x0000000698000000|  0%| F|  |TAMS 0x0000000697c00000, 0x0000000697c00000| Untracked 
| 608|0x0000000698000000, 0x0000000698000000, 0x0000000698400000|  0%| F|  |TAMS 0x0000000698000000, 0x0000000698000000| Untracked 
| 609|0x0000000698400000, 0x0000000698400000, 0x0000000698800000|  0%| F|  |TAMS 0x0000000698400000, 0x0000000698400000| Untracked 
| 610|0x0000000698800000, 0x0000000698800000, 0x0000000698c00000|  0%| F|  |TAMS 0x0000000698800000, 0x0000000698800000| Untracked 
| 611|0x0000000698c00000, 0x0000000698c00000, 0x0000000699000000|  0%| F|  |TAMS 0x0000000698c00000, 0x0000000698c00000| Untracked 
| 612|0x0000000699000000, 0x0000000699000000, 0x0000000699400000|  0%| F|  |TAMS 0x0000000699000000, 0x0000000699000000| Untracked 
| 613|0x0000000699400000, 0x0000000699400000, 0x0000000699800000|  0%| F|  |TAMS 0x0000000699400000, 0x0000000699400000| Untracked 
| 614|0x0000000699800000, 0x0000000699800000, 0x0000000699c00000|  0%| F|  |TAMS 0x0000000699800000, 0x0000000699800000| Untracked 
| 615|0x0000000699c00000, 0x0000000699c00000, 0x000000069a000000|  0%| F|  |TAMS 0x0000000699c00000, 0x0000000699c00000| Untracked 
| 616|0x000000069a000000, 0x000000069a000000, 0x000000069a400000|  0%| F|  |TAMS 0x000000069a000000, 0x000000069a000000| Untracked 
| 617|0x000000069a400000, 0x000000069a400000, 0x000000069a800000|  0%| F|  |TAMS 0x000000069a400000, 0x000000069a400000| Untracked 
| 618|0x000000069a800000, 0x000000069a800000, 0x000000069ac00000|  0%| F|  |TAMS 0x000000069a800000, 0x000000069a800000| Untracked 
| 619|0x000000069ac00000, 0x000000069ac00000, 0x000000069b000000|  0%| F|  |TAMS 0x000000069ac00000, 0x000000069ac00000| Untracked 
| 620|0x000000069b000000, 0x000000069b000000, 0x000000069b400000|  0%| F|  |TAMS 0x000000069b000000, 0x000000069b000000| Untracked 
| 621|0x000000069b400000, 0x000000069b400000, 0x000000069b800000|  0%| F|  |TAMS 0x000000069b400000, 0x000000069b400000| Untracked 
| 622|0x000000069b800000, 0x000000069b800000, 0x000000069bc00000|  0%| F|  |TAMS 0x000000069b800000, 0x000000069b800000| Untracked 
| 623|0x000000069bc00000, 0x000000069bc00000, 0x000000069c000000|  0%| F|  |TAMS 0x000000069bc00000, 0x000000069bc00000| Untracked 
| 624|0x000000069c000000, 0x000000069c000000, 0x000000069c400000|  0%| F|  |TAMS 0x000000069c000000, 0x000000069c000000| Untracked 
| 625|0x000000069c400000, 0x000000069c400000, 0x000000069c800000|  0%| F|  |TAMS 0x000000069c400000, 0x000000069c400000| Untracked 
| 626|0x000000069c800000, 0x000000069c800000, 0x000000069cc00000|  0%| F|  |TAMS 0x000000069c800000, 0x000000069c800000| Untracked 
| 627|0x000000069cc00000, 0x000000069cc00000, 0x000000069d000000|  0%| F|  |TAMS 0x000000069cc00000, 0x000000069cc00000| Untracked 
| 628|0x000000069d000000, 0x000000069d000000, 0x000000069d400000|  0%| F|  |TAMS 0x000000069d000000, 0x000000069d000000| Untracked 
| 629|0x000000069d400000, 0x000000069d400000, 0x000000069d800000|  0%| F|  |TAMS 0x000000069d400000, 0x000000069d400000| Untracked 
| 630|0x000000069d800000, 0x000000069d800000, 0x000000069dc00000|  0%| F|  |TAMS 0x000000069d800000, 0x000000069d800000| Untracked 
| 631|0x000000069dc00000, 0x000000069dc00000, 0x000000069e000000|  0%| F|  |TAMS 0x000000069dc00000, 0x000000069dc00000| Untracked 
| 632|0x000000069e000000, 0x000000069e000000, 0x000000069e400000|  0%| F|  |TAMS 0x000000069e000000, 0x000000069e000000| Untracked 
| 633|0x000000069e400000, 0x000000069e400000, 0x000000069e800000|  0%| F|  |TAMS 0x000000069e400000, 0x000000069e400000| Untracked 
| 634|0x000000069e800000, 0x000000069e800000, 0x000000069ec00000|  0%| F|  |TAMS 0x000000069e800000, 0x000000069e800000| Untracked 
| 635|0x000000069ec00000, 0x000000069ec00000, 0x000000069f000000|  0%| F|  |TAMS 0x000000069ec00000, 0x000000069ec00000| Untracked 
| 636|0x000000069f000000, 0x000000069f000000, 0x000000069f400000|  0%| F|  |TAMS 0x000000069f000000, 0x000000069f000000| Untracked 
| 637|0x000000069f400000, 0x000000069f400000, 0x000000069f800000|  0%| F|  |TAMS 0x000000069f400000, 0x000000069f400000| Untracked 
| 638|0x000000069f800000, 0x000000069f800000, 0x000000069fc00000|  0%| F|  |TAMS 0x000000069f800000, 0x000000069f800000| Untracked 
| 639|0x000000069fc00000, 0x000000069fc00000, 0x00000006a0000000|  0%| F|  |TAMS 0x000000069fc00000, 0x000000069fc00000| Untracked 
| 640|0x00000006a0000000, 0x00000006a0000000, 0x00000006a0400000|  0%| F|  |TAMS 0x00000006a0000000, 0x00000006a0000000| Untracked 
| 641|0x00000006a0400000, 0x00000006a0400000, 0x00000006a0800000|  0%| F|  |TAMS 0x00000006a0400000, 0x00000006a0400000| Untracked 
| 642|0x00000006a0800000, 0x00000006a0800000, 0x00000006a0c00000|  0%| F|  |TAMS 0x00000006a0800000, 0x00000006a0800000| Untracked 
| 643|0x00000006a0c00000, 0x00000006a0c00000, 0x00000006a1000000|  0%| F|  |TAMS 0x00000006a0c00000, 0x00000006a0c00000| Untracked 
| 644|0x00000006a1000000, 0x00000006a1000000, 0x00000006a1400000|  0%| F|  |TAMS 0x00000006a1000000, 0x00000006a1000000| Untracked 
| 645|0x00000006a1400000, 0x00000006a1400000, 0x00000006a1800000|  0%| F|  |TAMS 0x00000006a1400000, 0x00000006a1400000| Untracked 
| 646|0x00000006a1800000, 0x00000006a1800000, 0x00000006a1c00000|  0%| F|  |TAMS 0x00000006a1800000, 0x00000006a1800000| Untracked 
| 647|0x00000006a1c00000, 0x00000006a1c00000, 0x00000006a2000000|  0%| F|  |TAMS 0x00000006a1c00000, 0x00000006a1c00000| Untracked 
| 648|0x00000006a2000000, 0x00000006a2000000, 0x00000006a2400000|  0%| F|  |TAMS 0x00000006a2000000, 0x00000006a2000000| Untracked 
| 649|0x00000006a2400000, 0x00000006a2400000, 0x00000006a2800000|  0%| F|  |TAMS 0x00000006a2400000, 0x00000006a2400000| Untracked 
| 650|0x00000006a2800000, 0x00000006a2800000, 0x00000006a2c00000|  0%| F|  |TAMS 0x00000006a2800000, 0x00000006a2800000| Untracked 
| 651|0x00000006a2c00000, 0x00000006a2c00000, 0x00000006a3000000|  0%| F|  |TAMS 0x00000006a2c00000, 0x00000006a2c00000| Untracked 
| 652|0x00000006a3000000, 0x00000006a3000000, 0x00000006a3400000|  0%| F|  |TAMS 0x00000006a3000000, 0x00000006a3000000| Untracked 
| 653|0x00000006a3400000, 0x00000006a3400000, 0x00000006a3800000|  0%| F|  |TAMS 0x00000006a3400000, 0x00000006a3400000| Untracked 
| 654|0x00000006a3800000, 0x00000006a3800000, 0x00000006a3c00000|  0%| F|  |TAMS 0x00000006a3800000, 0x00000006a3800000| Untracked 
| 655|0x00000006a3c00000, 0x00000006a3c00000, 0x00000006a4000000|  0%| F|  |TAMS 0x00000006a3c00000, 0x00000006a3c00000| Untracked 
| 656|0x00000006a4000000, 0x00000006a4000000, 0x00000006a4400000|  0%| F|  |TAMS 0x00000006a4000000, 0x00000006a4000000| Untracked 
| 657|0x00000006a4400000, 0x00000006a4400000, 0x00000006a4800000|  0%| F|  |TAMS 0x00000006a4400000, 0x00000006a4400000| Untracked 
| 658|0x00000006a4800000, 0x00000006a4800000, 0x00000006a4c00000|  0%| F|  |TAMS 0x00000006a4800000, 0x00000006a4800000| Untracked 
| 659|0x00000006a4c00000, 0x00000006a4c00000, 0x00000006a5000000|  0%| F|  |TAMS 0x00000006a4c00000, 0x00000006a4c00000| Untracked 
| 660|0x00000006a5000000, 0x00000006a5000000, 0x00000006a5400000|  0%| F|  |TAMS 0x00000006a5000000, 0x00000006a5000000| Untracked 
| 661|0x00000006a5400000, 0x00000006a5400000, 0x00000006a5800000|  0%| F|  |TAMS 0x00000006a5400000, 0x00000006a5400000| Untracked 
| 662|0x00000006a5800000, 0x00000006a5800000, 0x00000006a5c00000|  0%| F|  |TAMS 0x00000006a5800000, 0x00000006a5800000| Untracked 
| 663|0x00000006a5c00000, 0x00000006a5c00000, 0x00000006a6000000|  0%| F|  |TAMS 0x00000006a5c00000, 0x00000006a5c00000| Untracked 
| 664|0x00000006a6000000, 0x00000006a6000000, 0x00000006a6400000|  0%| F|  |TAMS 0x00000006a6000000, 0x00000006a6000000| Untracked 
| 665|0x00000006a6400000, 0x00000006a6400000, 0x00000006a6800000|  0%| F|  |TAMS 0x00000006a6400000, 0x00000006a6400000| Untracked 
| 666|0x00000006a6800000, 0x00000006a6800000, 0x00000006a6c00000|  0%| F|  |TAMS 0x00000006a6800000, 0x00000006a6800000| Untracked 
| 667|0x00000006a6c00000, 0x00000006a6c00000, 0x00000006a7000000|  0%| F|  |TAMS 0x00000006a6c00000, 0x00000006a6c00000| Untracked 
| 668|0x00000006a7000000, 0x00000006a7000000, 0x00000006a7400000|  0%| F|  |TAMS 0x00000006a7000000, 0x00000006a7000000| Untracked 
| 669|0x00000006a7400000, 0x00000006a7400000, 0x00000006a7800000|  0%| F|  |TAMS 0x00000006a7400000, 0x00000006a7400000| Untracked 
| 670|0x00000006a7800000, 0x00000006a7800000, 0x00000006a7c00000|  0%| F|  |TAMS 0x00000006a7800000, 0x00000006a7800000| Untracked 
| 671|0x00000006a7c00000, 0x00000006a7c00000, 0x00000006a8000000|  0%| F|  |TAMS 0x00000006a7c00000, 0x00000006a7c00000| Untracked 
| 672|0x00000006a8000000, 0x00000006a8000000, 0x00000006a8400000|  0%| F|  |TAMS 0x00000006a8000000, 0x00000006a8000000| Untracked 
| 673|0x00000006a8400000, 0x00000006a8400000, 0x00000006a8800000|  0%| F|  |TAMS 0x00000006a8400000, 0x00000006a8400000| Untracked 
| 674|0x00000006a8800000, 0x00000006a8800000, 0x00000006a8c00000|  0%| F|  |TAMS 0x00000006a8800000, 0x00000006a8800000| Untracked 
| 675|0x00000006a8c00000, 0x00000006a8c00000, 0x00000006a9000000|  0%| F|  |TAMS 0x00000006a8c00000, 0x00000006a8c00000| Untracked 
| 676|0x00000006a9000000, 0x00000006a9000000, 0x00000006a9400000|  0%| F|  |TAMS 0x00000006a9000000, 0x00000006a9000000| Untracked 
| 677|0x00000006a9400000, 0x00000006a9400000, 0x00000006a9800000|  0%| F|  |TAMS 0x00000006a9400000, 0x00000006a9400000| Untracked 
| 678|0x00000006a9800000, 0x00000006a9800000, 0x00000006a9c00000|  0%| F|  |TAMS 0x00000006a9800000, 0x00000006a9800000| Untracked 
| 679|0x00000006a9c00000, 0x00000006a9c00000, 0x00000006aa000000|  0%| F|  |TAMS 0x00000006a9c00000, 0x00000006a9c00000| Untracked 
| 680|0x00000006aa000000, 0x00000006aa000000, 0x00000006aa400000|  0%| F|  |TAMS 0x00000006aa000000, 0x00000006aa000000| Untracked 
| 681|0x00000006aa400000, 0x00000006aa400000, 0x00000006aa800000|  0%| F|  |TAMS 0x00000006aa400000, 0x00000006aa400000| Untracked 
| 682|0x00000006aa800000, 0x00000006aa800000, 0x00000006aac00000|  0%| F|  |TAMS 0x00000006aa800000, 0x00000006aa800000| Untracked 
| 683|0x00000006aac00000, 0x00000006aac00000, 0x00000006ab000000|  0%| F|  |TAMS 0x00000006aac00000, 0x00000006aac00000| Untracked 
| 684|0x00000006ab000000, 0x00000006ab000000, 0x00000006ab400000|  0%| F|  |TAMS 0x00000006ab000000, 0x00000006ab000000| Untracked 
| 685|0x00000006ab400000, 0x00000006ab400000, 0x00000006ab800000|  0%| F|  |TAMS 0x00000006ab400000, 0x00000006ab400000| Untracked 
| 686|0x00000006ab800000, 0x00000006ab800000, 0x00000006abc00000|  0%| F|  |TAMS 0x00000006ab800000, 0x00000006ab800000| Untracked 
| 687|0x00000006abc00000, 0x00000006abc00000, 0x00000006ac000000|  0%| F|  |TAMS 0x00000006abc00000, 0x00000006abc00000| Untracked 
| 688|0x00000006ac000000, 0x00000006ac000000, 0x00000006ac400000|  0%| F|  |TAMS 0x00000006ac000000, 0x00000006ac000000| Untracked 
| 689|0x00000006ac400000, 0x00000006ac400000, 0x00000006ac800000|  0%| F|  |TAMS 0x00000006ac400000, 0x00000006ac400000| Untracked 
| 690|0x00000006ac800000, 0x00000006ac800000, 0x00000006acc00000|  0%| F|  |TAMS 0x00000006ac800000, 0x00000006ac800000| Untracked 
| 691|0x00000006acc00000, 0x00000006acc00000, 0x00000006ad000000|  0%| F|  |TAMS 0x00000006acc00000, 0x00000006acc00000| Untracked 
| 692|0x00000006ad000000, 0x00000006ad000000, 0x00000006ad400000|  0%| F|  |TAMS 0x00000006ad000000, 0x00000006ad000000| Untracked 
| 693|0x00000006ad400000, 0x00000006ad400000, 0x00000006ad800000|  0%| F|  |TAMS 0x00000006ad400000, 0x00000006ad400000| Untracked 
| 694|0x00000006ad800000, 0x00000006ad800000, 0x00000006adc00000|  0%| F|  |TAMS 0x00000006ad800000, 0x00000006ad800000| Untracked 
| 695|0x00000006adc00000, 0x00000006adc00000, 0x00000006ae000000|  0%| F|  |TAMS 0x00000006adc00000, 0x00000006adc00000| Untracked 
| 696|0x00000006ae000000, 0x00000006ae000000, 0x00000006ae400000|  0%| F|  |TAMS 0x00000006ae000000, 0x00000006ae000000| Untracked 
| 697|0x00000006ae400000, 0x00000006ae400000, 0x00000006ae800000|  0%| F|  |TAMS 0x00000006ae400000, 0x00000006ae400000| Untracked 
| 698|0x00000006ae800000, 0x00000006ae800000, 0x00000006aec00000|  0%| F|  |TAMS 0x00000006ae800000, 0x00000006ae800000| Untracked 
| 699|0x00000006aec00000, 0x00000006aec00000, 0x00000006af000000|  0%| F|  |TAMS 0x00000006aec00000, 0x00000006aec00000| Untracked 
| 700|0x00000006af000000, 0x00000006af000000, 0x00000006af400000|  0%| F|  |TAMS 0x00000006af000000, 0x00000006af000000| Untracked 
| 701|0x00000006af400000, 0x00000006af400000, 0x00000006af800000|  0%| F|  |TAMS 0x00000006af400000, 0x00000006af400000| Untracked 
| 702|0x00000006af800000, 0x00000006af800000, 0x00000006afc00000|  0%| F|  |TAMS 0x00000006af800000, 0x00000006af800000| Untracked 
| 703|0x00000006afc00000, 0x00000006afc00000, 0x00000006b0000000|  0%| F|  |TAMS 0x00000006afc00000, 0x00000006afc00000| Untracked 
| 704|0x00000006b0000000, 0x00000006b0000000, 0x00000006b0400000|  0%| F|  |TAMS 0x00000006b0000000, 0x00000006b0000000| Untracked 
| 705|0x00000006b0400000, 0x00000006b0400000, 0x00000006b0800000|  0%| F|  |TAMS 0x00000006b0400000, 0x00000006b0400000| Untracked 
| 706|0x00000006b0800000, 0x00000006b0800000, 0x00000006b0c00000|  0%| F|  |TAMS 0x00000006b0800000, 0x00000006b0800000| Untracked 
| 707|0x00000006b0c00000, 0x00000006b0c00000, 0x00000006b1000000|  0%| F|  |TAMS 0x00000006b0c00000, 0x00000006b0c00000| Untracked 
| 708|0x00000006b1000000, 0x00000006b1000000, 0x00000006b1400000|  0%| F|  |TAMS 0x00000006b1000000, 0x00000006b1000000| Untracked 
| 709|0x00000006b1400000, 0x00000006b1400000, 0x00000006b1800000|  0%| F|  |TAMS 0x00000006b1400000, 0x00000006b1400000| Untracked 
| 710|0x00000006b1800000, 0x00000006b1800000, 0x00000006b1c00000|  0%| F|  |TAMS 0x00000006b1800000, 0x00000006b1800000| Untracked 
| 711|0x00000006b1c00000, 0x00000006b1c00000, 0x00000006b2000000|  0%| F|  |TAMS 0x00000006b1c00000, 0x00000006b1c00000| Untracked 
| 712|0x00000006b2000000, 0x00000006b2000000, 0x00000006b2400000|  0%| F|  |TAMS 0x00000006b2000000, 0x00000006b2000000| Untracked 
| 713|0x00000006b2400000, 0x00000006b2400000, 0x00000006b2800000|  0%| F|  |TAMS 0x00000006b2400000, 0x00000006b2400000| Untracked 
| 714|0x00000006b2800000, 0x00000006b2800000, 0x00000006b2c00000|  0%| F|  |TAMS 0x00000006b2800000, 0x00000006b2800000| Untracked 
| 715|0x00000006b2c00000, 0x00000006b2c00000, 0x00000006b3000000|  0%| F|  |TAMS 0x00000006b2c00000, 0x00000006b2c00000| Untracked 
| 716|0x00000006b3000000, 0x00000006b3000000, 0x00000006b3400000|  0%| F|  |TAMS 0x00000006b3000000, 0x00000006b3000000| Untracked 
| 717|0x00000006b3400000, 0x00000006b3400000, 0x00000006b3800000|  0%| F|  |TAMS 0x00000006b3400000, 0x00000006b3400000| Untracked 
| 718|0x00000006b3800000, 0x00000006b3800000, 0x00000006b3c00000|  0%| F|  |TAMS 0x00000006b3800000, 0x00000006b3800000| Untracked 
| 719|0x00000006b3c00000, 0x00000006b3c00000, 0x00000006b4000000|  0%| F|  |TAMS 0x00000006b3c00000, 0x00000006b3c00000| Untracked 
| 720|0x00000006b4000000, 0x00000006b4000000, 0x00000006b4400000|  0%| F|  |TAMS 0x00000006b4000000, 0x00000006b4000000| Untracked 
| 721|0x00000006b4400000, 0x00000006b4400000, 0x00000006b4800000|  0%| F|  |TAMS 0x00000006b4400000, 0x00000006b4400000| Untracked 
| 722|0x00000006b4800000, 0x00000006b4800000, 0x00000006b4c00000|  0%| F|  |TAMS 0x00000006b4800000, 0x00000006b4800000| Untracked 
| 723|0x00000006b4c00000, 0x00000006b4c00000, 0x00000006b5000000|  0%| F|  |TAMS 0x00000006b4c00000, 0x00000006b4c00000| Untracked 
| 724|0x00000006b5000000, 0x00000006b5000000, 0x00000006b5400000|  0%| F|  |TAMS 0x00000006b5000000, 0x00000006b5000000| Untracked 
| 725|0x00000006b5400000, 0x00000006b5400000, 0x00000006b5800000|  0%| F|  |TAMS 0x00000006b5400000, 0x00000006b5400000| Untracked 
| 726|0x00000006b5800000, 0x00000006b5800000, 0x00000006b5c00000|  0%| F|  |TAMS 0x00000006b5800000, 0x00000006b5800000| Untracked 
| 727|0x00000006b5c00000, 0x00000006b5c00000, 0x00000006b6000000|  0%| F|  |TAMS 0x00000006b5c00000, 0x00000006b5c00000| Untracked 
| 728|0x00000006b6000000, 0x00000006b6000000, 0x00000006b6400000|  0%| F|  |TAMS 0x00000006b6000000, 0x00000006b6000000| Untracked 
| 729|0x00000006b6400000, 0x00000006b6400000, 0x00000006b6800000|  0%| F|  |TAMS 0x00000006b6400000, 0x00000006b6400000| Untracked 
| 730|0x00000006b6800000, 0x00000006b6800000, 0x00000006b6c00000|  0%| F|  |TAMS 0x00000006b6800000, 0x00000006b6800000| Untracked 
| 731|0x00000006b6c00000, 0x00000006b6c00000, 0x00000006b7000000|  0%| F|  |TAMS 0x00000006b6c00000, 0x00000006b6c00000| Untracked 
| 732|0x00000006b7000000, 0x00000006b7000000, 0x00000006b7400000|  0%| F|  |TAMS 0x00000006b7000000, 0x00000006b7000000| Untracked 
| 733|0x00000006b7400000, 0x00000006b7400000, 0x00000006b7800000|  0%| F|  |TAMS 0x00000006b7400000, 0x00000006b7400000| Untracked 
| 734|0x00000006b7800000, 0x00000006b7800000, 0x00000006b7c00000|  0%| F|  |TAMS 0x00000006b7800000, 0x00000006b7800000| Untracked 
| 735|0x00000006b7c00000, 0x00000006b7c00000, 0x00000006b8000000|  0%| F|  |TAMS 0x00000006b7c00000, 0x00000006b7c00000| Untracked 
| 736|0x00000006b8000000, 0x00000006b8000000, 0x00000006b8400000|  0%| F|  |TAMS 0x00000006b8000000, 0x00000006b8000000| Untracked 
| 737|0x00000006b8400000, 0x00000006b8400000, 0x00000006b8800000|  0%| F|  |TAMS 0x00000006b8400000, 0x00000006b8400000| Untracked 
| 738|0x00000006b8800000, 0x00000006b8800000, 0x00000006b8c00000|  0%| F|  |TAMS 0x00000006b8800000, 0x00000006b8800000| Untracked 
| 739|0x00000006b8c00000, 0x00000006b8c00000, 0x00000006b9000000|  0%| F|  |TAMS 0x00000006b8c00000, 0x00000006b8c00000| Untracked 
| 740|0x00000006b9000000, 0x00000006b9000000, 0x00000006b9400000|  0%| F|  |TAMS 0x00000006b9000000, 0x00000006b9000000| Untracked 
| 741|0x00000006b9400000, 0x00000006b9400000, 0x00000006b9800000|  0%| F|  |TAMS 0x00000006b9400000, 0x00000006b9400000| Untracked 
| 742|0x00000006b9800000, 0x00000006b9800000, 0x00000006b9c00000|  0%| F|  |TAMS 0x00000006b9800000, 0x00000006b9800000| Untracked 
| 743|0x00000006b9c00000, 0x00000006b9c00000, 0x00000006ba000000|  0%| F|  |TAMS 0x00000006b9c00000, 0x00000006b9c00000| Untracked 
| 744|0x00000006ba000000, 0x00000006ba000000, 0x00000006ba400000|  0%| F|  |TAMS 0x00000006ba000000, 0x00000006ba000000| Untracked 
| 745|0x00000006ba400000, 0x00000006ba400000, 0x00000006ba800000|  0%| F|  |TAMS 0x00000006ba400000, 0x00000006ba400000| Untracked 
| 746|0x00000006ba800000, 0x00000006ba800000, 0x00000006bac00000|  0%| F|  |TAMS 0x00000006ba800000, 0x00000006ba800000| Untracked 
| 747|0x00000006bac00000, 0x00000006bac00000, 0x00000006bb000000|  0%| F|  |TAMS 0x00000006bac00000, 0x00000006bac00000| Untracked 
| 748|0x00000006bb000000, 0x00000006bb000000, 0x00000006bb400000|  0%| F|  |TAMS 0x00000006bb000000, 0x00000006bb000000| Untracked 
| 749|0x00000006bb400000, 0x00000006bb400000, 0x00000006bb800000|  0%| F|  |TAMS 0x00000006bb400000, 0x00000006bb400000| Untracked 
| 750|0x00000006bb800000, 0x00000006bb800000, 0x00000006bbc00000|  0%| F|  |TAMS 0x00000006bb800000, 0x00000006bb800000| Untracked 
| 751|0x00000006bbc00000, 0x00000006bbc00000, 0x00000006bc000000|  0%| F|  |TAMS 0x00000006bbc00000, 0x00000006bbc00000| Untracked 
| 752|0x00000006bc000000, 0x00000006bc000000, 0x00000006bc400000|  0%| F|  |TAMS 0x00000006bc000000, 0x00000006bc000000| Untracked 
| 753|0x00000006bc400000, 0x00000006bc400000, 0x00000006bc800000|  0%| F|  |TAMS 0x00000006bc400000, 0x00000006bc400000| Untracked 
| 754|0x00000006bc800000, 0x00000006bc800000, 0x00000006bcc00000|  0%| F|  |TAMS 0x00000006bc800000, 0x00000006bc800000| Untracked 
| 755|0x00000006bcc00000, 0x00000006bcc00000, 0x00000006bd000000|  0%| F|  |TAMS 0x00000006bcc00000, 0x00000006bcc00000| Untracked 
| 756|0x00000006bd000000, 0x00000006bd000000, 0x00000006bd400000|  0%| F|  |TAMS 0x00000006bd000000, 0x00000006bd000000| Untracked 
| 757|0x00000006bd400000, 0x00000006bd400000, 0x00000006bd800000|  0%| F|  |TAMS 0x00000006bd400000, 0x00000006bd400000| Untracked 
| 758|0x00000006bd800000, 0x00000006bd800000, 0x00000006bdc00000|  0%| F|  |TAMS 0x00000006bd800000, 0x00000006bd800000| Untracked 
| 759|0x00000006bdc00000, 0x00000006bdc00000, 0x00000006be000000|  0%| F|  |TAMS 0x00000006bdc00000, 0x00000006bdc00000| Untracked 
| 760|0x00000006be000000, 0x00000006be000000, 0x00000006be400000|  0%| F|  |TAMS 0x00000006be000000, 0x00000006be000000| Untracked 
| 761|0x00000006be400000, 0x00000006be400000, 0x00000006be800000|  0%| F|  |TAMS 0x00000006be400000, 0x00000006be400000| Untracked 
| 762|0x00000006be800000, 0x00000006be800000, 0x00000006bec00000|  0%| F|  |TAMS 0x00000006be800000, 0x00000006be800000| Untracked 
| 763|0x00000006bec00000, 0x00000006bec00000, 0x00000006bf000000|  0%| F|  |TAMS 0x00000006bec00000, 0x00000006bec00000| Untracked 
| 764|0x00000006bf000000, 0x00000006bf000000, 0x00000006bf400000|  0%| F|  |TAMS 0x00000006bf000000, 0x00000006bf000000| Untracked 
| 765|0x00000006bf400000, 0x00000006bf400000, 0x00000006bf800000|  0%| F|  |TAMS 0x00000006bf400000, 0x00000006bf400000| Untracked 
| 766|0x00000006bf800000, 0x00000006bf800000, 0x00000006bfc00000|  0%| F|  |TAMS 0x00000006bf800000, 0x00000006bf800000| Untracked 
| 767|0x00000006bfc00000, 0x00000006bfc00000, 0x00000006c0000000|  0%| F|  |TAMS 0x00000006bfc00000, 0x00000006bfc00000| Untracked 
| 768|0x00000006c0000000, 0x00000006c0000000, 0x00000006c0400000|  0%| F|  |TAMS 0x00000006c0000000, 0x00000006c0000000| Untracked 
| 769|0x00000006c0400000, 0x00000006c0400000, 0x00000006c0800000|  0%| F|  |TAMS 0x00000006c0400000, 0x00000006c0400000| Untracked 
| 770|0x00000006c0800000, 0x00000006c0800000, 0x00000006c0c00000|  0%| F|  |TAMS 0x00000006c0800000, 0x00000006c0800000| Untracked 
| 771|0x00000006c0c00000, 0x00000006c0c00000, 0x00000006c1000000|  0%| F|  |TAMS 0x00000006c0c00000, 0x00000006c0c00000| Untracked 
| 772|0x00000006c1000000, 0x00000006c1000000, 0x00000006c1400000|  0%| F|  |TAMS 0x00000006c1000000, 0x00000006c1000000| Untracked 
| 773|0x00000006c1400000, 0x00000006c1400000, 0x00000006c1800000|  0%| F|  |TAMS 0x00000006c1400000, 0x00000006c1400000| Untracked 
| 774|0x00000006c1800000, 0x00000006c1800000, 0x00000006c1c00000|  0%| F|  |TAMS 0x00000006c1800000, 0x00000006c1800000| Untracked 
| 775|0x00000006c1c00000, 0x00000006c1c00000, 0x00000006c2000000|  0%| F|  |TAMS 0x00000006c1c00000, 0x00000006c1c00000| Untracked 
| 776|0x00000006c2000000, 0x00000006c2000000, 0x00000006c2400000|  0%| F|  |TAMS 0x00000006c2000000, 0x00000006c2000000| Untracked 
| 777|0x00000006c2400000, 0x00000006c2400000, 0x00000006c2800000|  0%| F|  |TAMS 0x00000006c2400000, 0x00000006c2400000| Untracked 
| 778|0x00000006c2800000, 0x00000006c2800000, 0x00000006c2c00000|  0%| F|  |TAMS 0x00000006c2800000, 0x00000006c2800000| Untracked 
| 779|0x00000006c2c00000, 0x00000006c2c00000, 0x00000006c3000000|  0%| F|  |TAMS 0x00000006c2c00000, 0x00000006c2c00000| Untracked 
| 780|0x00000006c3000000, 0x00000006c3000000, 0x00000006c3400000|  0%| F|  |TAMS 0x00000006c3000000, 0x00000006c3000000| Untracked 
| 781|0x00000006c3400000, 0x00000006c3400000, 0x00000006c3800000|  0%| F|  |TAMS 0x00000006c3400000, 0x00000006c3400000| Untracked 
| 782|0x00000006c3800000, 0x00000006c3800000, 0x00000006c3c00000|  0%| F|  |TAMS 0x00000006c3800000, 0x00000006c3800000| Untracked 
| 783|0x00000006c3c00000, 0x00000006c3c00000, 0x00000006c4000000|  0%| F|  |TAMS 0x00000006c3c00000, 0x00000006c3c00000| Untracked 
| 784|0x00000006c4000000, 0x00000006c4000000, 0x00000006c4400000|  0%| F|  |TAMS 0x00000006c4000000, 0x00000006c4000000| Untracked 
| 785|0x00000006c4400000, 0x00000006c4400000, 0x00000006c4800000|  0%| F|  |TAMS 0x00000006c4400000, 0x00000006c4400000| Untracked 
| 786|0x00000006c4800000, 0x00000006c4800000, 0x00000006c4c00000|  0%| F|  |TAMS 0x00000006c4800000, 0x00000006c4800000| Untracked 
| 787|0x00000006c4c00000, 0x00000006c4c00000, 0x00000006c5000000|  0%| F|  |TAMS 0x00000006c4c00000, 0x00000006c4c00000| Untracked 
| 788|0x00000006c5000000, 0x00000006c5000000, 0x00000006c5400000|  0%| F|  |TAMS 0x00000006c5000000, 0x00000006c5000000| Untracked 
| 789|0x00000006c5400000, 0x00000006c5400000, 0x00000006c5800000|  0%| F|  |TAMS 0x00000006c5400000, 0x00000006c5400000| Untracked 
| 790|0x00000006c5800000, 0x00000006c5800000, 0x00000006c5c00000|  0%| F|  |TAMS 0x00000006c5800000, 0x00000006c5800000| Untracked 
| 791|0x00000006c5c00000, 0x00000006c5c00000, 0x00000006c6000000|  0%| F|  |TAMS 0x00000006c5c00000, 0x00000006c5c00000| Untracked 
| 792|0x00000006c6000000, 0x00000006c6000000, 0x00000006c6400000|  0%| F|  |TAMS 0x00000006c6000000, 0x00000006c6000000| Untracked 
| 793|0x00000006c6400000, 0x00000006c6400000, 0x00000006c6800000|  0%| F|  |TAMS 0x00000006c6400000, 0x00000006c6400000| Untracked 
| 794|0x00000006c6800000, 0x00000006c6800000, 0x00000006c6c00000|  0%| F|  |TAMS 0x00000006c6800000, 0x00000006c6800000| Untracked 
| 795|0x00000006c6c00000, 0x00000006c6c00000, 0x00000006c7000000|  0%| F|  |TAMS 0x00000006c6c00000, 0x00000006c6c00000| Untracked 
| 796|0x00000006c7000000, 0x00000006c7000000, 0x00000006c7400000|  0%| F|  |TAMS 0x00000006c7000000, 0x00000006c7000000| Untracked 
| 797|0x00000006c7400000, 0x00000006c7400000, 0x00000006c7800000|  0%| F|  |TAMS 0x00000006c7400000, 0x00000006c7400000| Untracked 
| 798|0x00000006c7800000, 0x00000006c7800000, 0x00000006c7c00000|  0%| F|  |TAMS 0x00000006c7800000, 0x00000006c7800000| Untracked 
| 799|0x00000006c7c00000, 0x00000006c7c00000, 0x00000006c8000000|  0%| F|  |TAMS 0x00000006c7c00000, 0x00000006c7c00000| Untracked 
| 800|0x00000006c8000000, 0x00000006c8000000, 0x00000006c8400000|  0%| F|  |TAMS 0x00000006c8000000, 0x00000006c8000000| Untracked 
| 801|0x00000006c8400000, 0x00000006c8400000, 0x00000006c8800000|  0%| F|  |TAMS 0x00000006c8400000, 0x00000006c8400000| Untracked 
| 802|0x00000006c8800000, 0x00000006c8800000, 0x00000006c8c00000|  0%| F|  |TAMS 0x00000006c8800000, 0x00000006c8800000| Untracked 
| 803|0x00000006c8c00000, 0x00000006c8c00000, 0x00000006c9000000|  0%| F|  |TAMS 0x00000006c8c00000, 0x00000006c8c00000| Untracked 
| 804|0x00000006c9000000, 0x00000006c9000000, 0x00000006c9400000|  0%| F|  |TAMS 0x00000006c9000000, 0x00000006c9000000| Untracked 
| 805|0x00000006c9400000, 0x00000006c9400000, 0x00000006c9800000|  0%| F|  |TAMS 0x00000006c9400000, 0x00000006c9400000| Untracked 
| 806|0x00000006c9800000, 0x00000006c9800000, 0x00000006c9c00000|  0%| F|  |TAMS 0x00000006c9800000, 0x00000006c9800000| Untracked 
| 807|0x00000006c9c00000, 0x00000006c9c00000, 0x00000006ca000000|  0%| F|  |TAMS 0x00000006c9c00000, 0x00000006c9c00000| Untracked 
| 808|0x00000006ca000000, 0x00000006ca000000, 0x00000006ca400000|  0%| F|  |TAMS 0x00000006ca000000, 0x00000006ca000000| Untracked 
| 809|0x00000006ca400000, 0x00000006ca400000, 0x00000006ca800000|  0%| F|  |TAMS 0x00000006ca400000, 0x00000006ca400000| Untracked 
| 810|0x00000006ca800000, 0x00000006ca800000, 0x00000006cac00000|  0%| F|  |TAMS 0x00000006ca800000, 0x00000006ca800000| Untracked 
| 811|0x00000006cac00000, 0x00000006cac00000, 0x00000006cb000000|  0%| F|  |TAMS 0x00000006cac00000, 0x00000006cac00000| Untracked 
| 812|0x00000006cb000000, 0x00000006cb000000, 0x00000006cb400000|  0%| F|  |TAMS 0x00000006cb000000, 0x00000006cb000000| Untracked 
| 813|0x00000006cb400000, 0x00000006cb400000, 0x00000006cb800000|  0%| F|  |TAMS 0x00000006cb400000, 0x00000006cb400000| Untracked 
| 814|0x00000006cb800000, 0x00000006cb800000, 0x00000006cbc00000|  0%| F|  |TAMS 0x00000006cb800000, 0x00000006cb800000| Untracked 
| 815|0x00000006cbc00000, 0x00000006cbc00000, 0x00000006cc000000|  0%| F|  |TAMS 0x00000006cbc00000, 0x00000006cbc00000| Untracked 
| 816|0x00000006cc000000, 0x00000006cc000000, 0x00000006cc400000|  0%| F|  |TAMS 0x00000006cc000000, 0x00000006cc000000| Untracked 
| 817|0x00000006cc400000, 0x00000006cc400000, 0x00000006cc800000|  0%| F|  |TAMS 0x00000006cc400000, 0x00000006cc400000| Untracked 
| 818|0x00000006cc800000, 0x00000006cc800000, 0x00000006ccc00000|  0%| F|  |TAMS 0x00000006cc800000, 0x00000006cc800000| Untracked 
| 819|0x00000006ccc00000, 0x00000006ccc00000, 0x00000006cd000000|  0%| F|  |TAMS 0x00000006ccc00000, 0x00000006ccc00000| Untracked 
| 820|0x00000006cd000000, 0x00000006cd000000, 0x00000006cd400000|  0%| F|  |TAMS 0x00000006cd000000, 0x00000006cd000000| Untracked 
| 821|0x00000006cd400000, 0x00000006cd400000, 0x00000006cd800000|  0%| F|  |TAMS 0x00000006cd400000, 0x00000006cd400000| Untracked 
| 822|0x00000006cd800000, 0x00000006cd800000, 0x00000006cdc00000|  0%| F|  |TAMS 0x00000006cd800000, 0x00000006cd800000| Untracked 
| 823|0x00000006cdc00000, 0x00000006cdc00000, 0x00000006ce000000|  0%| F|  |TAMS 0x00000006cdc00000, 0x00000006cdc00000| Untracked 
| 824|0x00000006ce000000, 0x00000006ce000000, 0x00000006ce400000|  0%| F|  |TAMS 0x00000006ce000000, 0x00000006ce000000| Untracked 
| 825|0x00000006ce400000, 0x00000006ce400000, 0x00000006ce800000|  0%| F|  |TAMS 0x00000006ce400000, 0x00000006ce400000| Untracked 
| 826|0x00000006ce800000, 0x00000006ce800000, 0x00000006cec00000|  0%| F|  |TAMS 0x00000006ce800000, 0x00000006ce800000| Untracked 
| 827|0x00000006cec00000, 0x00000006cec00000, 0x00000006cf000000|  0%| F|  |TAMS 0x00000006cec00000, 0x00000006cec00000| Untracked 
| 828|0x00000006cf000000, 0x00000006cf000000, 0x00000006cf400000|  0%| F|  |TAMS 0x00000006cf000000, 0x00000006cf000000| Untracked 
| 829|0x00000006cf400000, 0x00000006cf400000, 0x00000006cf800000|  0%| F|  |TAMS 0x00000006cf400000, 0x00000006cf400000| Untracked 
| 830|0x00000006cf800000, 0x00000006cf800000, 0x00000006cfc00000|  0%| F|  |TAMS 0x00000006cf800000, 0x00000006cf800000| Untracked 
| 831|0x00000006cfc00000, 0x00000006cfc00000, 0x00000006d0000000|  0%| F|  |TAMS 0x00000006cfc00000, 0x00000006cfc00000| Untracked 
| 832|0x00000006d0000000, 0x00000006d0000000, 0x00000006d0400000|  0%| F|  |TAMS 0x00000006d0000000, 0x00000006d0000000| Untracked 
| 833|0x00000006d0400000, 0x00000006d0400000, 0x00000006d0800000|  0%| F|  |TAMS 0x00000006d0400000, 0x00000006d0400000| Untracked 
| 834|0x00000006d0800000, 0x00000006d0800000, 0x00000006d0c00000|  0%| F|  |TAMS 0x00000006d0800000, 0x00000006d0800000| Untracked 
| 835|0x00000006d0c00000, 0x00000006d0c00000, 0x00000006d1000000|  0%| F|  |TAMS 0x00000006d0c00000, 0x00000006d0c00000| Untracked 
| 836|0x00000006d1000000, 0x00000006d1000000, 0x00000006d1400000|  0%| F|  |TAMS 0x00000006d1000000, 0x00000006d1000000| Untracked 
| 837|0x00000006d1400000, 0x00000006d1400000, 0x00000006d1800000|  0%| F|  |TAMS 0x00000006d1400000, 0x00000006d1400000| Untracked 
| 838|0x00000006d1800000, 0x00000006d1800000, 0x00000006d1c00000|  0%| F|  |TAMS 0x00000006d1800000, 0x00000006d1800000| Untracked 
| 839|0x00000006d1c00000, 0x00000006d1c00000, 0x00000006d2000000|  0%| F|  |TAMS 0x00000006d1c00000, 0x00000006d1c00000| Untracked 
| 840|0x00000006d2000000, 0x00000006d2000000, 0x00000006d2400000|  0%| F|  |TAMS 0x00000006d2000000, 0x00000006d2000000| Untracked 
| 841|0x00000006d2400000, 0x00000006d2400000, 0x00000006d2800000|  0%| F|  |TAMS 0x00000006d2400000, 0x00000006d2400000| Untracked 
| 842|0x00000006d2800000, 0x00000006d2800000, 0x00000006d2c00000|  0%| F|  |TAMS 0x00000006d2800000, 0x00000006d2800000| Untracked 
| 843|0x00000006d2c00000, 0x00000006d2c00000, 0x00000006d3000000|  0%| F|  |TAMS 0x00000006d2c00000, 0x00000006d2c00000| Untracked 
| 844|0x00000006d3000000, 0x00000006d3000000, 0x00000006d3400000|  0%| F|  |TAMS 0x00000006d3000000, 0x00000006d3000000| Untracked 
| 845|0x00000006d3400000, 0x00000006d3400000, 0x00000006d3800000|  0%| F|  |TAMS 0x00000006d3400000, 0x00000006d3400000| Untracked 
| 846|0x00000006d3800000, 0x00000006d3800000, 0x00000006d3c00000|  0%| F|  |TAMS 0x00000006d3800000, 0x00000006d3800000| Untracked 
| 847|0x00000006d3c00000, 0x00000006d3c00000, 0x00000006d4000000|  0%| F|  |TAMS 0x00000006d3c00000, 0x00000006d3c00000| Untracked 
| 848|0x00000006d4000000, 0x00000006d4000000, 0x00000006d4400000|  0%| F|  |TAMS 0x00000006d4000000, 0x00000006d4000000| Untracked 
| 849|0x00000006d4400000, 0x00000006d4400000, 0x00000006d4800000|  0%| F|  |TAMS 0x00000006d4400000, 0x00000006d4400000| Untracked 
| 850|0x00000006d4800000, 0x00000006d4800000, 0x00000006d4c00000|  0%| F|  |TAMS 0x00000006d4800000, 0x00000006d4800000| Untracked 
| 851|0x00000006d4c00000, 0x00000006d4c00000, 0x00000006d5000000|  0%| F|  |TAMS 0x00000006d4c00000, 0x00000006d4c00000| Untracked 
| 852|0x00000006d5000000, 0x00000006d5000000, 0x00000006d5400000|  0%| F|  |TAMS 0x00000006d5000000, 0x00000006d5000000| Untracked 
| 853|0x00000006d5400000, 0x00000006d5400000, 0x00000006d5800000|  0%| F|  |TAMS 0x00000006d5400000, 0x00000006d5400000| Untracked 
| 854|0x00000006d5800000, 0x00000006d5800000, 0x00000006d5c00000|  0%| F|  |TAMS 0x00000006d5800000, 0x00000006d5800000| Untracked 
| 855|0x00000006d5c00000, 0x00000006d5c00000, 0x00000006d6000000|  0%| F|  |TAMS 0x00000006d5c00000, 0x00000006d5c00000| Untracked 
| 856|0x00000006d6000000, 0x00000006d6000000, 0x00000006d6400000|  0%| F|  |TAMS 0x00000006d6000000, 0x00000006d6000000| Untracked 
| 857|0x00000006d6400000, 0x00000006d6400000, 0x00000006d6800000|  0%| F|  |TAMS 0x00000006d6400000, 0x00000006d6400000| Untracked 
| 858|0x00000006d6800000, 0x00000006d6800000, 0x00000006d6c00000|  0%| F|  |TAMS 0x00000006d6800000, 0x00000006d6800000| Untracked 
| 859|0x00000006d6c00000, 0x00000006d6c00000, 0x00000006d7000000|  0%| F|  |TAMS 0x00000006d6c00000, 0x00000006d6c00000| Untracked 
| 860|0x00000006d7000000, 0x00000006d7000000, 0x00000006d7400000|  0%| F|  |TAMS 0x00000006d7000000, 0x00000006d7000000| Untracked 
| 861|0x00000006d7400000, 0x00000006d7400000, 0x00000006d7800000|  0%| F|  |TAMS 0x00000006d7400000, 0x00000006d7400000| Untracked 
| 862|0x00000006d7800000, 0x00000006d7800000, 0x00000006d7c00000|  0%| F|  |TAMS 0x00000006d7800000, 0x00000006d7800000| Untracked 
| 863|0x00000006d7c00000, 0x00000006d7c00000, 0x00000006d8000000|  0%| F|  |TAMS 0x00000006d7c00000, 0x00000006d7c00000| Untracked 
| 864|0x00000006d8000000, 0x00000006d8000000, 0x00000006d8400000|  0%| F|  |TAMS 0x00000006d8000000, 0x00000006d8000000| Untracked 
| 865|0x00000006d8400000, 0x00000006d8400000, 0x00000006d8800000|  0%| F|  |TAMS 0x00000006d8400000, 0x00000006d8400000| Untracked 
| 866|0x00000006d8800000, 0x00000006d8800000, 0x00000006d8c00000|  0%| F|  |TAMS 0x00000006d8800000, 0x00000006d8800000| Untracked 
| 867|0x00000006d8c00000, 0x00000006d8c00000, 0x00000006d9000000|  0%| F|  |TAMS 0x00000006d8c00000, 0x00000006d8c00000| Untracked 
| 868|0x00000006d9000000, 0x00000006d9000000, 0x00000006d9400000|  0%| F|  |TAMS 0x00000006d9000000, 0x00000006d9000000| Untracked 
| 869|0x00000006d9400000, 0x00000006d9400000, 0x00000006d9800000|  0%| F|  |TAMS 0x00000006d9400000, 0x00000006d9400000| Untracked 
| 870|0x00000006d9800000, 0x00000006d9800000, 0x00000006d9c00000|  0%| F|  |TAMS 0x00000006d9800000, 0x00000006d9800000| Untracked 
| 871|0x00000006d9c00000, 0x00000006d9c00000, 0x00000006da000000|  0%| F|  |TAMS 0x00000006d9c00000, 0x00000006d9c00000| Untracked 
| 872|0x00000006da000000, 0x00000006da000000, 0x00000006da400000|  0%| F|  |TAMS 0x00000006da000000, 0x00000006da000000| Untracked 
| 873|0x00000006da400000, 0x00000006da400000, 0x00000006da800000|  0%| F|  |TAMS 0x00000006da400000, 0x00000006da400000| Untracked 
| 874|0x00000006da800000, 0x00000006da800000, 0x00000006dac00000|  0%| F|  |TAMS 0x00000006da800000, 0x00000006da800000| Untracked 
| 875|0x00000006dac00000, 0x00000006dac00000, 0x00000006db000000|  0%| F|  |TAMS 0x00000006dac00000, 0x00000006dac00000| Untracked 
| 876|0x00000006db000000, 0x00000006db000000, 0x00000006db400000|  0%| F|  |TAMS 0x00000006db000000, 0x00000006db000000| Untracked 
| 877|0x00000006db400000, 0x00000006db400000, 0x00000006db800000|  0%| F|  |TAMS 0x00000006db400000, 0x00000006db400000| Untracked 
| 878|0x00000006db800000, 0x00000006db800000, 0x00000006dbc00000|  0%| F|  |TAMS 0x00000006db800000, 0x00000006db800000| Untracked 
| 879|0x00000006dbc00000, 0x00000006dbc00000, 0x00000006dc000000|  0%| F|  |TAMS 0x00000006dbc00000, 0x00000006dbc00000| Untracked 
| 880|0x00000006dc000000, 0x00000006dc000000, 0x00000006dc400000|  0%| F|  |TAMS 0x00000006dc000000, 0x00000006dc000000| Untracked 
| 881|0x00000006dc400000, 0x00000006dc400000, 0x00000006dc800000|  0%| F|  |TAMS 0x00000006dc400000, 0x00000006dc400000| Untracked 
| 882|0x00000006dc800000, 0x00000006dc800000, 0x00000006dcc00000|  0%| F|  |TAMS 0x00000006dc800000, 0x00000006dc800000| Untracked 
| 883|0x00000006dcc00000, 0x00000006dcc00000, 0x00000006dd000000|  0%| F|  |TAMS 0x00000006dcc00000, 0x00000006dcc00000| Untracked 
| 884|0x00000006dd000000, 0x00000006dd000000, 0x00000006dd400000|  0%| F|  |TAMS 0x00000006dd000000, 0x00000006dd000000| Untracked 
| 885|0x00000006dd400000, 0x00000006dd400000, 0x00000006dd800000|  0%| F|  |TAMS 0x00000006dd400000, 0x00000006dd400000| Untracked 
| 886|0x00000006dd800000, 0x00000006dd800000, 0x00000006ddc00000|  0%| F|  |TAMS 0x00000006dd800000, 0x00000006dd800000| Untracked 
| 887|0x00000006ddc00000, 0x00000006ddc00000, 0x00000006de000000|  0%| F|  |TAMS 0x00000006ddc00000, 0x00000006ddc00000| Untracked 
| 888|0x00000006de000000, 0x00000006de000000, 0x00000006de400000|  0%| F|  |TAMS 0x00000006de000000, 0x00000006de000000| Untracked 
| 889|0x00000006de400000, 0x00000006de400000, 0x00000006de800000|  0%| F|  |TAMS 0x00000006de400000, 0x00000006de400000| Untracked 
| 890|0x00000006de800000, 0x00000006de800000, 0x00000006dec00000|  0%| F|  |TAMS 0x00000006de800000, 0x00000006de800000| Untracked 
| 891|0x00000006dec00000, 0x00000006dec00000, 0x00000006df000000|  0%| F|  |TAMS 0x00000006dec00000, 0x00000006dec00000| Untracked 
| 892|0x00000006df000000, 0x00000006df000000, 0x00000006df400000|  0%| F|  |TAMS 0x00000006df000000, 0x00000006df000000| Untracked 
| 893|0x00000006df400000, 0x00000006df400000, 0x00000006df800000|  0%| F|  |TAMS 0x00000006df400000, 0x00000006df400000| Untracked 
| 894|0x00000006df800000, 0x00000006df800000, 0x00000006dfc00000|  0%| F|  |TAMS 0x00000006df800000, 0x00000006df800000| Untracked 
| 895|0x00000006dfc00000, 0x00000006dfc00000, 0x00000006e0000000|  0%| F|  |TAMS 0x00000006dfc00000, 0x00000006dfc00000| Untracked 
| 896|0x00000006e0000000, 0x00000006e0000000, 0x00000006e0400000|  0%| F|  |TAMS 0x00000006e0000000, 0x00000006e0000000| Untracked 
| 897|0x00000006e0400000, 0x00000006e0400000, 0x00000006e0800000|  0%| F|  |TAMS 0x00000006e0400000, 0x00000006e0400000| Untracked 
| 898|0x00000006e0800000, 0x00000006e0800000, 0x00000006e0c00000|  0%| F|  |TAMS 0x00000006e0800000, 0x00000006e0800000| Untracked 
| 899|0x00000006e0c00000, 0x00000006e0c00000, 0x00000006e1000000|  0%| F|  |TAMS 0x00000006e0c00000, 0x00000006e0c00000| Untracked 
| 900|0x00000006e1000000, 0x00000006e1000000, 0x00000006e1400000|  0%| F|  |TAMS 0x00000006e1000000, 0x00000006e1000000| Untracked 
| 901|0x00000006e1400000, 0x00000006e1400000, 0x00000006e1800000|  0%| F|  |TAMS 0x00000006e1400000, 0x00000006e1400000| Untracked 
| 902|0x00000006e1800000, 0x00000006e1800000, 0x00000006e1c00000|  0%| F|  |TAMS 0x00000006e1800000, 0x00000006e1800000| Untracked 
| 903|0x00000006e1c00000, 0x00000006e1c00000, 0x00000006e2000000|  0%| F|  |TAMS 0x00000006e1c00000, 0x00000006e1c00000| Untracked 
| 904|0x00000006e2000000, 0x00000006e2000000, 0x00000006e2400000|  0%| F|  |TAMS 0x00000006e2000000, 0x00000006e2000000| Untracked 
| 905|0x00000006e2400000, 0x00000006e2400000, 0x00000006e2800000|  0%| F|  |TAMS 0x00000006e2400000, 0x00000006e2400000| Untracked 
| 906|0x00000006e2800000, 0x00000006e2abf5d0, 0x00000006e2c00000| 68%| S|CS|TAMS 0x00000006e2800000, 0x00000006e2800000| Complete 
| 907|0x00000006e2c00000, 0x00000006e3000000, 0x00000006e3000000|100%| S|CS|TAMS 0x00000006e2c00000, 0x00000006e2c00000| Complete 
| 908|0x00000006e3000000, 0x00000006e3400000, 0x00000006e3400000|100%| S|CS|TAMS 0x00000006e3000000, 0x00000006e3000000| Complete 
| 909|0x00000006e3400000, 0x00000006e3800000, 0x00000006e3800000|100%| S|CS|TAMS 0x00000006e3400000, 0x00000006e3400000| Complete 
| 910|0x00000006e3800000, 0x00000006e3c00000, 0x00000006e3c00000|100%| S|CS|TAMS 0x00000006e3800000, 0x00000006e3800000| Complete 
| 911|0x00000006e3c00000, 0x00000006e3c00000, 0x00000006e4000000|  0%| F|  |TAMS 0x00000006e3c00000, 0x00000006e3c00000| Untracked 
| 912|0x00000006e4000000, 0x00000006e4000000, 0x00000006e4400000|  0%| F|  |TAMS 0x00000006e4000000, 0x00000006e4000000| Untracked 
| 913|0x00000006e4400000, 0x00000006e4400000, 0x00000006e4800000|  0%| F|  |TAMS 0x00000006e4400000, 0x00000006e4400000| Untracked 
| 914|0x00000006e4800000, 0x00000006e4800000, 0x00000006e4c00000|  0%| F|  |TAMS 0x00000006e4800000, 0x00000006e4800000| Untracked 
| 915|0x00000006e4c00000, 0x00000006e4c00000, 0x00000006e5000000|  0%| F|  |TAMS 0x00000006e4c00000, 0x00000006e4c00000| Untracked 
| 916|0x00000006e5000000, 0x00000006e5000000, 0x00000006e5400000|  0%| F|  |TAMS 0x00000006e5000000, 0x00000006e5000000| Untracked 
| 917|0x00000006e5400000, 0x00000006e5400000, 0x00000006e5800000|  0%| F|  |TAMS 0x00000006e5400000, 0x00000006e5400000| Untracked 
| 918|0x00000006e5800000, 0x00000006e5800000, 0x00000006e5c00000|  0%| F|  |TAMS 0x00000006e5800000, 0x00000006e5800000| Untracked 
| 919|0x00000006e5c00000, 0x00000006e5c00000, 0x00000006e6000000|  0%| F|  |TAMS 0x00000006e5c00000, 0x00000006e5c00000| Untracked 
| 920|0x00000006e6000000, 0x00000006e6000000, 0x00000006e6400000|  0%| F|  |TAMS 0x00000006e6000000, 0x00000006e6000000| Untracked 
| 921|0x00000006e6400000, 0x00000006e6400000, 0x00000006e6800000|  0%| F|  |TAMS 0x00000006e6400000, 0x00000006e6400000| Untracked 
| 922|0x00000006e6800000, 0x00000006e6800000, 0x00000006e6c00000|  0%| F|  |TAMS 0x00000006e6800000, 0x00000006e6800000| Untracked 
| 923|0x00000006e6c00000, 0x00000006e6c00000, 0x00000006e7000000|  0%| F|  |TAMS 0x00000006e6c00000, 0x00000006e6c00000| Untracked 
| 924|0x00000006e7000000, 0x00000006e7000000, 0x00000006e7400000|  0%| F|  |TAMS 0x00000006e7000000, 0x00000006e7000000| Untracked 
| 925|0x00000006e7400000, 0x00000006e7400000, 0x00000006e7800000|  0%| F|  |TAMS 0x00000006e7400000, 0x00000006e7400000| Untracked 
| 926|0x00000006e7800000, 0x00000006e7800000, 0x00000006e7c00000|  0%| F|  |TAMS 0x00000006e7800000, 0x00000006e7800000| Untracked 
| 927|0x00000006e7c00000, 0x00000006e7c00000, 0x00000006e8000000|  0%| F|  |TAMS 0x00000006e7c00000, 0x00000006e7c00000| Untracked 
| 928|0x00000006e8000000, 0x00000006e8000000, 0x00000006e8400000|  0%| F|  |TAMS 0x00000006e8000000, 0x00000006e8000000| Untracked 
| 929|0x00000006e8400000, 0x00000006e8400000, 0x00000006e8800000|  0%| F|  |TAMS 0x00000006e8400000, 0x00000006e8400000| Untracked 
| 930|0x00000006e8800000, 0x00000006e8800000, 0x00000006e8c00000|  0%| F|  |TAMS 0x00000006e8800000, 0x00000006e8800000| Untracked 
| 931|0x00000006e8c00000, 0x00000006e8c00000, 0x00000006e9000000|  0%| F|  |TAMS 0x00000006e8c00000, 0x00000006e8c00000| Untracked 
| 932|0x00000006e9000000, 0x00000006e9000000, 0x00000006e9400000|  0%| F|  |TAMS 0x00000006e9000000, 0x00000006e9000000| Untracked 
| 933|0x00000006e9400000, 0x00000006e9400000, 0x00000006e9800000|  0%| F|  |TAMS 0x00000006e9400000, 0x00000006e9400000| Untracked 
| 934|0x00000006e9800000, 0x00000006e9800000, 0x00000006e9c00000|  0%| F|  |TAMS 0x00000006e9800000, 0x00000006e9800000| Untracked 
| 935|0x00000006e9c00000, 0x00000006e9c00000, 0x00000006ea000000|  0%| F|  |TAMS 0x00000006e9c00000, 0x00000006e9c00000| Untracked 
| 936|0x00000006ea000000, 0x00000006ea000000, 0x00000006ea400000|  0%| F|  |TAMS 0x00000006ea000000, 0x00000006ea000000| Untracked 
| 937|0x00000006ea400000, 0x00000006ea400000, 0x00000006ea800000|  0%| F|  |TAMS 0x00000006ea400000, 0x00000006ea400000| Untracked 
| 938|0x00000006ea800000, 0x00000006ea800000, 0x00000006eac00000|  0%| F|  |TAMS 0x00000006ea800000, 0x00000006ea800000| Untracked 
| 939|0x00000006eac00000, 0x00000006eac00000, 0x00000006eb000000|  0%| F|  |TAMS 0x00000006eac00000, 0x00000006eac00000| Untracked 
| 940|0x00000006eb000000, 0x00000006eb000000, 0x00000006eb400000|  0%| F|  |TAMS 0x00000006eb000000, 0x00000006eb000000| Untracked 
| 941|0x00000006eb400000, 0x00000006eb400000, 0x00000006eb800000|  0%| F|  |TAMS 0x00000006eb400000, 0x00000006eb400000| Untracked 
| 942|0x00000006eb800000, 0x00000006eb800000, 0x00000006ebc00000|  0%| F|  |TAMS 0x00000006eb800000, 0x00000006eb800000| Untracked 
| 943|0x00000006ebc00000, 0x00000006ebc00000, 0x00000006ec000000|  0%| F|  |TAMS 0x00000006ebc00000, 0x00000006ebc00000| Untracked 
| 944|0x00000006ec000000, 0x00000006ec000000, 0x00000006ec400000|  0%| F|  |TAMS 0x00000006ec000000, 0x00000006ec000000| Untracked 
| 945|0x00000006ec400000, 0x00000006ec400000, 0x00000006ec800000|  0%| F|  |TAMS 0x00000006ec400000, 0x00000006ec400000| Untracked 
| 946|0x00000006ec800000, 0x00000006ec800000, 0x00000006ecc00000|  0%| F|  |TAMS 0x00000006ec800000, 0x00000006ec800000| Untracked 
| 947|0x00000006ecc00000, 0x00000006ecc00000, 0x00000006ed000000|  0%| F|  |TAMS 0x00000006ecc00000, 0x00000006ecc00000| Untracked 
| 948|0x00000006ed000000, 0x00000006ed000000, 0x00000006ed400000|  0%| F|  |TAMS 0x00000006ed000000, 0x00000006ed000000| Untracked 
| 949|0x00000006ed400000, 0x00000006ed400000, 0x00000006ed800000|  0%| F|  |TAMS 0x00000006ed400000, 0x00000006ed400000| Untracked 
| 950|0x00000006ed800000, 0x00000006ed800000, 0x00000006edc00000|  0%| F|  |TAMS 0x00000006ed800000, 0x00000006ed800000| Untracked 
| 951|0x00000006edc00000, 0x00000006edc00000, 0x00000006ee000000|  0%| F|  |TAMS 0x00000006edc00000, 0x00000006edc00000| Untracked 
| 952|0x00000006ee000000, 0x00000006ee000000, 0x00000006ee400000|  0%| F|  |TAMS 0x00000006ee000000, 0x00000006ee000000| Untracked 
| 953|0x00000006ee400000, 0x00000006ee400000, 0x00000006ee800000|  0%| F|  |TAMS 0x00000006ee400000, 0x00000006ee400000| Untracked 
| 954|0x00000006ee800000, 0x00000006ee800000, 0x00000006eec00000|  0%| F|  |TAMS 0x00000006ee800000, 0x00000006ee800000| Untracked 
| 955|0x00000006eec00000, 0x00000006eec00000, 0x00000006ef000000|  0%| F|  |TAMS 0x00000006eec00000, 0x00000006eec00000| Untracked 
| 956|0x00000006ef000000, 0x00000006ef000000, 0x00000006ef400000|  0%| F|  |TAMS 0x00000006ef000000, 0x00000006ef000000| Untracked 
| 957|0x00000006ef400000, 0x00000006ef400000, 0x00000006ef800000|  0%| F|  |TAMS 0x00000006ef400000, 0x00000006ef400000| Untracked 
| 958|0x00000006ef800000, 0x00000006ef800000, 0x00000006efc00000|  0%| F|  |TAMS 0x00000006ef800000, 0x00000006ef800000| Untracked 
| 959|0x00000006efc00000, 0x00000006efc00000, 0x00000006f0000000|  0%| F|  |TAMS 0x00000006efc00000, 0x00000006efc00000| Untracked 
| 960|0x00000006f0000000, 0x00000006f0000000, 0x00000006f0400000|  0%| F|  |TAMS 0x00000006f0000000, 0x00000006f0000000| Untracked 
| 961|0x00000006f0400000, 0x00000006f0400000, 0x00000006f0800000|  0%| F|  |TAMS 0x00000006f0400000, 0x00000006f0400000| Untracked 
| 962|0x00000006f0800000, 0x00000006f0800000, 0x00000006f0c00000|  0%| F|  |TAMS 0x00000006f0800000, 0x00000006f0800000| Untracked 
| 963|0x00000006f0c00000, 0x00000006f0c00000, 0x00000006f1000000|  0%| F|  |TAMS 0x00000006f0c00000, 0x00000006f0c00000| Untracked 
| 964|0x00000006f1000000, 0x00000006f1000000, 0x00000006f1400000|  0%| F|  |TAMS 0x00000006f1000000, 0x00000006f1000000| Untracked 
| 965|0x00000006f1400000, 0x00000006f1400000, 0x00000006f1800000|  0%| F|  |TAMS 0x00000006f1400000, 0x00000006f1400000| Untracked 
| 966|0x00000006f1800000, 0x00000006f1800000, 0x00000006f1c00000|  0%| F|  |TAMS 0x00000006f1800000, 0x00000006f1800000| Untracked 
| 967|0x00000006f1c00000, 0x00000006f1c00000, 0x00000006f2000000|  0%| F|  |TAMS 0x00000006f1c00000, 0x00000006f1c00000| Untracked 
| 968|0x00000006f2000000, 0x00000006f2000000, 0x00000006f2400000|  0%| F|  |TAMS 0x00000006f2000000, 0x00000006f2000000| Untracked 
| 969|0x00000006f2400000, 0x00000006f2400000, 0x00000006f2800000|  0%| F|  |TAMS 0x00000006f2400000, 0x00000006f2400000| Untracked 
| 970|0x00000006f2800000, 0x00000006f2800000, 0x00000006f2c00000|  0%| F|  |TAMS 0x00000006f2800000, 0x00000006f2800000| Untracked 
| 971|0x00000006f2c00000, 0x00000006f2c00000, 0x00000006f3000000|  0%| F|  |TAMS 0x00000006f2c00000, 0x00000006f2c00000| Untracked 
| 972|0x00000006f3000000, 0x00000006f3000000, 0x00000006f3400000|  0%| F|  |TAMS 0x00000006f3000000, 0x00000006f3000000| Untracked 
| 973|0x00000006f3400000, 0x00000006f3400000, 0x00000006f3800000|  0%| F|  |TAMS 0x00000006f3400000, 0x00000006f3400000| Untracked 
| 974|0x00000006f3800000, 0x00000006f3800000, 0x00000006f3c00000|  0%| F|  |TAMS 0x00000006f3800000, 0x00000006f3800000| Untracked 
| 975|0x00000006f3c00000, 0x00000006f3c00000, 0x00000006f4000000|  0%| F|  |TAMS 0x00000006f3c00000, 0x00000006f3c00000| Untracked 
| 976|0x00000006f4000000, 0x00000006f4000000, 0x00000006f4400000|  0%| F|  |TAMS 0x00000006f4000000, 0x00000006f4000000| Untracked 
| 977|0x00000006f4400000, 0x00000006f4400000, 0x00000006f4800000|  0%| F|  |TAMS 0x00000006f4400000, 0x00000006f4400000| Untracked 
| 978|0x00000006f4800000, 0x00000006f4800000, 0x00000006f4c00000|  0%| F|  |TAMS 0x00000006f4800000, 0x00000006f4800000| Untracked 
| 979|0x00000006f4c00000, 0x00000006f4c00000, 0x00000006f5000000|  0%| F|  |TAMS 0x00000006f4c00000, 0x00000006f4c00000| Untracked 
| 980|0x00000006f5000000, 0x00000006f5000000, 0x00000006f5400000|  0%| F|  |TAMS 0x00000006f5000000, 0x00000006f5000000| Untracked 
| 981|0x00000006f5400000, 0x00000006f5400000, 0x00000006f5800000|  0%| F|  |TAMS 0x00000006f5400000, 0x00000006f5400000| Untracked 
| 982|0x00000006f5800000, 0x00000006f5800000, 0x00000006f5c00000|  0%| F|  |TAMS 0x00000006f5800000, 0x00000006f5800000| Untracked 
| 983|0x00000006f5c00000, 0x00000006f5c00000, 0x00000006f6000000|  0%| F|  |TAMS 0x00000006f5c00000, 0x00000006f5c00000| Untracked 
| 984|0x00000006f6000000, 0x00000006f6000000, 0x00000006f6400000|  0%| F|  |TAMS 0x00000006f6000000, 0x00000006f6000000| Untracked 
| 985|0x00000006f6400000, 0x00000006f6400000, 0x00000006f6800000|  0%| F|  |TAMS 0x00000006f6400000, 0x00000006f6400000| Untracked 
| 986|0x00000006f6800000, 0x00000006f6800000, 0x00000006f6c00000|  0%| F|  |TAMS 0x00000006f6800000, 0x00000006f6800000| Untracked 
| 987|0x00000006f6c00000, 0x00000006f6c00000, 0x00000006f7000000|  0%| F|  |TAMS 0x00000006f6c00000, 0x00000006f6c00000| Untracked 
| 988|0x00000006f7000000, 0x00000006f7000000, 0x00000006f7400000|  0%| F|  |TAMS 0x00000006f7000000, 0x00000006f7000000| Untracked 
| 989|0x00000006f7400000, 0x00000006f7400000, 0x00000006f7800000|  0%| F|  |TAMS 0x00000006f7400000, 0x00000006f7400000| Untracked 
| 990|0x00000006f7800000, 0x00000006f7800000, 0x00000006f7c00000|  0%| F|  |TAMS 0x00000006f7800000, 0x00000006f7800000| Untracked 
| 991|0x00000006f7c00000, 0x00000006f7c00000, 0x00000006f8000000|  0%| F|  |TAMS 0x00000006f7c00000, 0x00000006f7c00000| Untracked 
| 992|0x00000006f8000000, 0x00000006f8000000, 0x00000006f8400000|  0%| F|  |TAMS 0x00000006f8000000, 0x00000006f8000000| Untracked 
| 993|0x00000006f8400000, 0x00000006f8400000, 0x00000006f8800000|  0%| F|  |TAMS 0x00000006f8400000, 0x00000006f8400000| Untracked 
| 994|0x00000006f8800000, 0x00000006f8800000, 0x00000006f8c00000|  0%| F|  |TAMS 0x00000006f8800000, 0x00000006f8800000| Untracked 
| 995|0x00000006f8c00000, 0x00000006f8c00000, 0x00000006f9000000|  0%| F|  |TAMS 0x00000006f8c00000, 0x00000006f8c00000| Untracked 
| 996|0x00000006f9000000, 0x00000006f9000000, 0x00000006f9400000|  0%| F|  |TAMS 0x00000006f9000000, 0x00000006f9000000| Untracked 
| 997|0x00000006f9400000, 0x00000006f9400000, 0x00000006f9800000|  0%| F|  |TAMS 0x00000006f9400000, 0x00000006f9400000| Untracked 
| 998|0x00000006f9800000, 0x00000006f9800000, 0x00000006f9c00000|  0%| F|  |TAMS 0x00000006f9800000, 0x00000006f9800000| Untracked 
| 999|0x00000006f9c00000, 0x00000006f9c00000, 0x00000006fa000000|  0%| F|  |TAMS 0x00000006f9c00000, 0x00000006f9c00000| Untracked 
|1000|0x00000006fa000000, 0x00000006fa000000, 0x00000006fa400000|  0%| F|  |TAMS 0x00000006fa000000, 0x00000006fa000000| Untracked 
|1001|0x00000006fa400000, 0x00000006fa400000, 0x00000006fa800000|  0%| F|  |TAMS 0x00000006fa400000, 0x00000006fa400000| Untracked 
|1002|0x00000006fa800000, 0x00000006fa800000, 0x00000006fac00000|  0%| F|  |TAMS 0x00000006fa800000, 0x00000006fa800000| Untracked 
|1003|0x00000006fac00000, 0x00000006fac00000, 0x00000006fb000000|  0%| F|  |TAMS 0x00000006fac00000, 0x00000006fac00000| Untracked 
|1004|0x00000006fb000000, 0x00000006fb000000, 0x00000006fb400000|  0%| F|  |TAMS 0x00000006fb000000, 0x00000006fb000000| Untracked 
|1005|0x00000006fb400000, 0x00000006fb400000, 0x00000006fb800000|  0%| F|  |TAMS 0x00000006fb400000, 0x00000006fb400000| Untracked 
|1006|0x00000006fb800000, 0x00000006fb800000, 0x00000006fbc00000|  0%| F|  |TAMS 0x00000006fb800000, 0x00000006fb800000| Untracked 
|1007|0x00000006fbc00000, 0x00000006fbc00000, 0x00000006fc000000|  0%| F|  |TAMS 0x00000006fbc00000, 0x00000006fbc00000| Untracked 
|1008|0x00000006fc000000, 0x00000006fc000000, 0x00000006fc400000|  0%| F|  |TAMS 0x00000006fc000000, 0x00000006fc000000| Untracked 
|1009|0x00000006fc400000, 0x00000006fc400000, 0x00000006fc800000|  0%| F|  |TAMS 0x00000006fc400000, 0x00000006fc400000| Untracked 
|1010|0x00000006fc800000, 0x00000006fc800000, 0x00000006fcc00000|  0%| F|  |TAMS 0x00000006fc800000, 0x00000006fc800000| Untracked 
|1011|0x00000006fcc00000, 0x00000006fcc00000, 0x00000006fd000000|  0%| F|  |TAMS 0x00000006fcc00000, 0x00000006fcc00000| Untracked 
|1012|0x00000006fd000000, 0x00000006fd000000, 0x00000006fd400000|  0%| F|  |TAMS 0x00000006fd000000, 0x00000006fd000000| Untracked 
|1013|0x00000006fd400000, 0x00000006fd400000, 0x00000006fd800000|  0%| F|  |TAMS 0x00000006fd400000, 0x00000006fd400000| Untracked 
|1014|0x00000006fd800000, 0x00000006fd800000, 0x00000006fdc00000|  0%| F|  |TAMS 0x00000006fd800000, 0x00000006fd800000| Untracked 
|1015|0x00000006fdc00000, 0x00000006fdc00000, 0x00000006fe000000|  0%| F|  |TAMS 0x00000006fdc00000, 0x00000006fdc00000| Untracked 
|1016|0x00000006fe000000, 0x00000006fe000000, 0x00000006fe400000|  0%| F|  |TAMS 0x00000006fe000000, 0x00000006fe000000| Untracked 
|1017|0x00000006fe400000, 0x00000006fe400000, 0x00000006fe800000|  0%| F|  |TAMS 0x00000006fe400000, 0x00000006fe400000| Untracked 
|1018|0x00000006fe800000, 0x00000006fe800000, 0x00000006fec00000|  0%| F|  |TAMS 0x00000006fe800000, 0x00000006fe800000| Untracked 
|1019|0x00000006fec00000, 0x00000006fec00000, 0x00000006ff000000|  0%| F|  |TAMS 0x00000006fec00000, 0x00000006fec00000| Untracked 
|1020|0x00000006ff000000, 0x00000006ff000000, 0x00000006ff400000|  0%| F|  |TAMS 0x00000006ff000000, 0x00000006ff000000| Untracked 
|1021|0x00000006ff400000, 0x00000006ff400000, 0x00000006ff800000|  0%| F|  |TAMS 0x00000006ff400000, 0x00000006ff400000| Untracked 
|1022|0x00000006ff800000, 0x00000006ff800000, 0x00000006ffc00000|  0%| F|  |TAMS 0x00000006ff800000, 0x00000006ff800000| Untracked 
|1023|0x00000006ffc00000, 0x00000006ffc00000, 0x0000000700000000|  0%| F|  |TAMS 0x00000006ffc00000, 0x00000006ffc00000| Untracked 
|1024|0x0000000700000000, 0x0000000700000000, 0x0000000700400000|  0%| F|  |TAMS 0x0000000700000000, 0x0000000700000000| Untracked 
|1025|0x0000000700400000, 0x0000000700400000, 0x0000000700800000|  0%| F|  |TAMS 0x0000000700400000, 0x0000000700400000| Untracked 
|1026|0x0000000700800000, 0x0000000700800000, 0x0000000700c00000|  0%| F|  |TAMS 0x0000000700800000, 0x0000000700800000| Untracked 
|1027|0x0000000700c00000, 0x0000000700c00000, 0x0000000701000000|  0%| F|  |TAMS 0x0000000700c00000, 0x0000000700c00000| Untracked 
|1028|0x0000000701000000, 0x0000000701000000, 0x0000000701400000|  0%| F|  |TAMS 0x0000000701000000, 0x0000000701000000| Untracked 
|1029|0x0000000701400000, 0x0000000701400000, 0x0000000701800000|  0%| F|  |TAMS 0x0000000701400000, 0x0000000701400000| Untracked 
|1030|0x0000000701800000, 0x0000000701800000, 0x0000000701c00000|  0%| F|  |TAMS 0x0000000701800000, 0x0000000701800000| Untracked 
|1031|0x0000000701c00000, 0x0000000701c00000, 0x0000000702000000|  0%| F|  |TAMS 0x0000000701c00000, 0x0000000701c00000| Untracked 
|1032|0x0000000702000000, 0x0000000702000000, 0x0000000702400000|  0%| F|  |TAMS 0x0000000702000000, 0x0000000702000000| Untracked 
|1033|0x0000000702400000, 0x0000000702400000, 0x0000000702800000|  0%| F|  |TAMS 0x0000000702400000, 0x0000000702400000| Untracked 
|1034|0x0000000702800000, 0x0000000702800000, 0x0000000702c00000|  0%| F|  |TAMS 0x0000000702800000, 0x0000000702800000| Untracked 
|1035|0x0000000702c00000, 0x0000000702c00000, 0x0000000703000000|  0%| F|  |TAMS 0x0000000702c00000, 0x0000000702c00000| Untracked 
|1036|0x0000000703000000, 0x0000000703000000, 0x0000000703400000|  0%| F|  |TAMS 0x0000000703000000, 0x0000000703000000| Untracked 
|1037|0x0000000703400000, 0x0000000703400000, 0x0000000703800000|  0%| F|  |TAMS 0x0000000703400000, 0x0000000703400000| Untracked 
|1038|0x0000000703800000, 0x0000000703800000, 0x0000000703c00000|  0%| F|  |TAMS 0x0000000703800000, 0x0000000703800000| Untracked 
|1039|0x0000000703c00000, 0x0000000703c00000, 0x0000000704000000|  0%| F|  |TAMS 0x0000000703c00000, 0x0000000703c00000| Untracked 
|1040|0x0000000704000000, 0x0000000704000000, 0x0000000704400000|  0%| F|  |TAMS 0x0000000704000000, 0x0000000704000000| Untracked 
|1041|0x0000000704400000, 0x0000000704400000, 0x0000000704800000|  0%| F|  |TAMS 0x0000000704400000, 0x0000000704400000| Untracked 
|1042|0x0000000704800000, 0x0000000704800000, 0x0000000704c00000|  0%| F|  |TAMS 0x0000000704800000, 0x0000000704800000| Untracked 
|1043|0x0000000704c00000, 0x0000000704c00000, 0x0000000705000000|  0%| F|  |TAMS 0x0000000704c00000, 0x0000000704c00000| Untracked 
|1044|0x0000000705000000, 0x0000000705000000, 0x0000000705400000|  0%| F|  |TAMS 0x0000000705000000, 0x0000000705000000| Untracked 
|1045|0x0000000705400000, 0x0000000705400000, 0x0000000705800000|  0%| F|  |TAMS 0x0000000705400000, 0x0000000705400000| Untracked 
|1046|0x0000000705800000, 0x0000000705800000, 0x0000000705c00000|  0%| F|  |TAMS 0x0000000705800000, 0x0000000705800000| Untracked 
|1047|0x0000000705c00000, 0x0000000705c00000, 0x0000000706000000|  0%| F|  |TAMS 0x0000000705c00000, 0x0000000705c00000| Untracked 
|1048|0x0000000706000000, 0x0000000706000000, 0x0000000706400000|  0%| F|  |TAMS 0x0000000706000000, 0x0000000706000000| Untracked 
|1049|0x0000000706400000, 0x0000000706400000, 0x0000000706800000|  0%| F|  |TAMS 0x0000000706400000, 0x0000000706400000| Untracked 
|1050|0x0000000706800000, 0x0000000706800000, 0x0000000706c00000|  0%| F|  |TAMS 0x0000000706800000, 0x0000000706800000| Untracked 
|1051|0x0000000706c00000, 0x0000000706c00000, 0x0000000707000000|  0%| F|  |TAMS 0x0000000706c00000, 0x0000000706c00000| Untracked 
|1052|0x0000000707000000, 0x0000000707000000, 0x0000000707400000|  0%| F|  |TAMS 0x0000000707000000, 0x0000000707000000| Untracked 
|1053|0x0000000707400000, 0x0000000707400000, 0x0000000707800000|  0%| F|  |TAMS 0x0000000707400000, 0x0000000707400000| Untracked 
|1054|0x0000000707800000, 0x0000000707800000, 0x0000000707c00000|  0%| F|  |TAMS 0x0000000707800000, 0x0000000707800000| Untracked 
|1055|0x0000000707c00000, 0x0000000707c00000, 0x0000000708000000|  0%| F|  |TAMS 0x0000000707c00000, 0x0000000707c00000| Untracked 
|1056|0x0000000708000000, 0x0000000708000000, 0x0000000708400000|  0%| F|  |TAMS 0x0000000708000000, 0x0000000708000000| Untracked 
|1057|0x0000000708400000, 0x0000000708400000, 0x0000000708800000|  0%| F|  |TAMS 0x0000000708400000, 0x0000000708400000| Untracked 
|1058|0x0000000708800000, 0x0000000708800000, 0x0000000708c00000|  0%| F|  |TAMS 0x0000000708800000, 0x0000000708800000| Untracked 
|1059|0x0000000708c00000, 0x0000000708c00000, 0x0000000709000000|  0%| F|  |TAMS 0x0000000708c00000, 0x0000000708c00000| Untracked 
|1060|0x0000000709000000, 0x0000000709000000, 0x0000000709400000|  0%| F|  |TAMS 0x0000000709000000, 0x0000000709000000| Untracked 
|1061|0x0000000709400000, 0x0000000709400000, 0x0000000709800000|  0%| F|  |TAMS 0x0000000709400000, 0x0000000709400000| Untracked 
|1062|0x0000000709800000, 0x0000000709800000, 0x0000000709c00000|  0%| F|  |TAMS 0x0000000709800000, 0x0000000709800000| Untracked 
|1063|0x0000000709c00000, 0x0000000709c00000, 0x000000070a000000|  0%| F|  |TAMS 0x0000000709c00000, 0x0000000709c00000| Untracked 
|1064|0x000000070a000000, 0x000000070a000000, 0x000000070a400000|  0%| F|  |TAMS 0x000000070a000000, 0x000000070a000000| Untracked 
|1065|0x000000070a400000, 0x000000070a400000, 0x000000070a800000|  0%| F|  |TAMS 0x000000070a400000, 0x000000070a400000| Untracked 
|1066|0x000000070a800000, 0x000000070a800000, 0x000000070ac00000|  0%| F|  |TAMS 0x000000070a800000, 0x000000070a800000| Untracked 
|1067|0x000000070ac00000, 0x000000070ac00000, 0x000000070b000000|  0%| F|  |TAMS 0x000000070ac00000, 0x000000070ac00000| Untracked 
|1068|0x000000070b000000, 0x000000070b000000, 0x000000070b400000|  0%| F|  |TAMS 0x000000070b000000, 0x000000070b000000| Untracked 
|1069|0x000000070b400000, 0x000000070b400000, 0x000000070b800000|  0%| F|  |TAMS 0x000000070b400000, 0x000000070b400000| Untracked 
|1070|0x000000070b800000, 0x000000070b800000, 0x000000070bc00000|  0%| F|  |TAMS 0x000000070b800000, 0x000000070b800000| Untracked 
|1071|0x000000070bc00000, 0x000000070bc00000, 0x000000070c000000|  0%| F|  |TAMS 0x000000070bc00000, 0x000000070bc00000| Untracked 
|1072|0x000000070c000000, 0x000000070c000000, 0x000000070c400000|  0%| F|  |TAMS 0x000000070c000000, 0x000000070c000000| Untracked 
|1073|0x000000070c400000, 0x000000070c400000, 0x000000070c800000|  0%| F|  |TAMS 0x000000070c400000, 0x000000070c400000| Untracked 
|1074|0x000000070c800000, 0x000000070c800000, 0x000000070cc00000|  0%| F|  |TAMS 0x000000070c800000, 0x000000070c800000| Untracked 
|1075|0x000000070cc00000, 0x000000070cc00000, 0x000000070d000000|  0%| F|  |TAMS 0x000000070cc00000, 0x000000070cc00000| Untracked 
|1076|0x000000070d000000, 0x000000070d000000, 0x000000070d400000|  0%| F|  |TAMS 0x000000070d000000, 0x000000070d000000| Untracked 
|1077|0x000000070d400000, 0x000000070d400000, 0x000000070d800000|  0%| F|  |TAMS 0x000000070d400000, 0x000000070d400000| Untracked 
|1078|0x000000070d800000, 0x000000070d800000, 0x000000070dc00000|  0%| F|  |TAMS 0x000000070d800000, 0x000000070d800000| Untracked 
|1079|0x000000070dc00000, 0x000000070dc00000, 0x000000070e000000|  0%| F|  |TAMS 0x000000070dc00000, 0x000000070dc00000| Untracked 
|1080|0x000000070e000000, 0x000000070e000000, 0x000000070e400000|  0%| F|  |TAMS 0x000000070e000000, 0x000000070e000000| Untracked 
|1081|0x000000070e400000, 0x000000070e400000, 0x000000070e800000|  0%| F|  |TAMS 0x000000070e400000, 0x000000070e400000| Untracked 
|1082|0x000000070e800000, 0x000000070e800000, 0x000000070ec00000|  0%| F|  |TAMS 0x000000070e800000, 0x000000070e800000| Untracked 
|1083|0x000000070ec00000, 0x000000070ec00000, 0x000000070f000000|  0%| F|  |TAMS 0x000000070ec00000, 0x000000070ec00000| Untracked 
|1084|0x000000070f000000, 0x000000070f000000, 0x000000070f400000|  0%| F|  |TAMS 0x000000070f000000, 0x000000070f000000| Untracked 
|1085|0x000000070f400000, 0x000000070f400000, 0x000000070f800000|  0%| F|  |TAMS 0x000000070f400000, 0x000000070f400000| Untracked 
|1086|0x000000070f800000, 0x000000070f800000, 0x000000070fc00000|  0%| F|  |TAMS 0x000000070f800000, 0x000000070f800000| Untracked 
|1087|0x000000070fc00000, 0x000000070fc00000, 0x0000000710000000|  0%| F|  |TAMS 0x000000070fc00000, 0x000000070fc00000| Untracked 

Card table byte_map: [0x0000020172a20000,0x0000020173a20000] _byte_map_base: 0x000002016fa20000

Marking Bits (Prev, Next): (CMBitMap*) 0x000002014776c890, (CMBitMap*) 0x000002014776c850
 Prev Bits: [0x0000020100000000, 0x0000020108000000)
 Next Bits: [0x0000020174a20000, 0x000002017ca20000)

Polling page: 0x00000201473c0000

Metaspace:

Usage:
  Non-class:    180.51 MB used.
      Class:     25.35 MB used.
       Both:    205.87 MB used.

Virtual space:
  Non-class space:      192.00 MB reserved,     181.62 MB ( 95%) committed,  3 nodes.
      Class space:        1.00 GB reserved,      26.31 MB (  3%) committed,  1 nodes.
             Both:        1.19 GB reserved,     207.94 MB ( 17%) committed. 

Chunk freelists:
   Non-Class:  10.23 MB
       Class:  5.59 MB
        Both:  15.83 MB

MaxMetaspaceSize: 4.00 GB
CompressedClassSpaceSize: 1.00 GB
Initial GC threshold: 21.00 MB
Current GC threshold: 344.81 MB
CDS: on
MetaspaceReclaimPolicy: balanced
 - commit_granule_bytes: 65536.
 - commit_granule_words: 8192.
 - virtual_space_node_default_size: 8388608.
 - enlarge_chunks_in_place: 1.
 - new_chunks_are_fully_committed: 0.
 - uncommit_free_chunks: 1.
 - use_allocation_guard: 0.
 - handle_deallocations: 1.


Internal statistics:

num_allocs_failed_limit: 18.
num_arena_births: 3106.
num_arena_deaths: 80.
num_vsnodes_births: 4.
num_vsnodes_deaths: 0.
num_space_committed: 3327.
num_space_uncommitted: 2.
num_chunks_returned_to_freelist: 208.
num_chunks_taken_from_freelist: 12369.
num_chunk_merges: 37.
num_chunk_splits: 8257.
num_chunks_enlarged: 5594.
num_inconsistent_stats: 0.

CodeHeap 'non-profiled nmethods': size=258432Kb used=34383Kb max_used=34383Kb free=224048Kb
 bounds [0x0000020160bf0000, 0x0000020162d90000, 0x0000020170850000]
CodeHeap 'profiled nmethods': size=258368Kb used=84316Kb max_used=84427Kb free=174051Kb
 bounds [0x0000020150850000, 0x0000020155af0000, 0x00000201604a0000]
CodeHeap 'non-nmethods': size=7488Kb used=2693Kb max_used=4431Kb free=4794Kb
 bounds [0x00000201604a0000, 0x0000020160940000, 0x0000020160bf0000]
 total_blobs=38114 nmethods=36836 adapters=1186
 compilation: enabled
              stopped_count=0, restarted_count=0
 full_count=0

Compilation events (20 events):
Event: 2486.634 Thread 0x000002017fb09340 48455       4       org.gradle.api.internal.artifacts.ivyservice.resolveengine.artifact.ArtifactVisitorToResolvedFileVisitorAdapter::visitArtifact (17 bytes)
Event: 2486.688 Thread 0x000002017fb09340 nmethod 48455 0x0000020162d74a10 code [0x0000020162d74c60, 0x0000020162d75970]
Event: 2486.688 Thread 0x000002017fb09340 48456       4       org.gradle.api.internal.file.FilteredFileCollection$$Lambda$2654/0x000002018211e360::apply (14 bytes)
Event: 2486.714 Thread 0x000002017fb09340 nmethod 48456 0x0000020162d76390 code [0x0000020162d76580, 0x0000020162d76d68]
Event: 2486.714 Thread 0x000002017fb09340 48457       4       org.gradle.internal.execution.steps.BuildCacheStep$$Lambda$503/0x000002018143ab98::apply (20 bytes)
Event: 2487.464 Thread 0x000002017fb09340 nmethod 48457 0x0000020162d77290 code [0x0000020162d778a0, 0x0000020162d7d2d0]
Event: 2487.465 Thread 0x000002017fb09340 48458       4       org.gradle.internal.execution.steps.AbstractResolveCachingStateStep$$Lambda$501/0x000002018143a4a0::accept (12 bytes)
Event: 2487.468 Thread 0x000002017fb09340 nmethod 48458 0x0000020162d80610 code [0x0000020162d807a0, 0x0000020162d808d8]
Event: 2489.186 Thread 0x000002017fb09340 48460       4       org.gradle.internal.isolated.IsolationScheme$ServicesForIsolatedObject::find (296 bytes)
Event: 2489.284 Thread 0x000002017fb09340 nmethod 48460 0x0000020162d80f10 code [0x0000020162d81180, 0x0000020162d81c48]
Event: 2489.487 Thread 0x000002017fb09340 48461       4       org.gradle.api.internal.artifacts.transform.TransformExecutionResult$Builder$MixedInputAndProducedOutputResult$$Lambda$2632/0x0000020182120000::apply (12 bytes)
Event: 2489.496 Thread 0x000002017fb09340 nmethod 48461 0x0000020162d82410 code [0x0000020162d825c0, 0x0000020162d827e8]
Event: 2489.954 Thread 0x000002017fb09340 48462       4       org.gradle.api.internal.artifacts.transform.DefaultTransform$TransformServiceLookup::get (45 bytes)
Event: 2489.964 Thread 0x000002017fb09340 nmethod 48462 0x0000020162d82a10 code [0x0000020162d82bc0, 0x0000020162d82cd8]
Event: 2490.398 Thread 0x000002017fb2f8d0 48463       3       org.objectweb.asm.tree.ClassNode::visitNestMember (13 bytes)
Event: 2490.401 Thread 0x000002017fb2f8d0 nmethod 48463 0x0000020152839290 code [0x0000020152839460, 0x00000201528397f8]
Event: 2493.857 Thread 0x000002017fb09340 48465       4       org.objectweb.asm.ClassWriter::visitTypeAnnotation (45 bytes)
Event: 2493.873 Thread 0x000002017fb09340 nmethod 48465 0x0000020162d83390 code [0x0000020162d83520, 0x0000020162d837b8]
Event: 2494.276 Thread 0x000002017fb09340 48466       4       org.gradle.api.internal.artifacts.transform.DefaultTransformOutputs::file (24 bytes)
Event: 2494.289 Thread 0x000002017fb09340 nmethod 48466 0x0000020162d83890 code [0x0000020162d83a40, 0x0000020162d83ba8]

GC Heap History (20 events):
Event: 2396.854 GC heap after
{Heap after GC invocations=181 (full 0):
 garbage-first heap   total 4456448K, used 796790K [0x0000000600000000, 0x0000000800000000)
  region size 4096K, 1 young (4096K), 1 survivors (4096K)
 Metaspace       used 209734K, committed 211840K, reserved 1245184K
  class space    used 25815K, committed 26816K, reserved 1048576K
}
Event: 2431.923 GC heap before
{Heap before GC invocations=181 (full 0):
 garbage-first heap   total 4456448K, used 1935478K [0x0000000600000000, 0x0000000800000000)
  region size 4096K, 279 young (1142784K), 1 survivors (4096K)
 Metaspace       used 210383K, committed 212416K, reserved 1245184K
  class space    used 25927K, committed 26880K, reserved 1048576K
}
Event: 2431.980 GC heap after
{Heap after GC invocations=182 (full 0):
 garbage-first heap   total 4456448K, used 820717K [0x0000000600000000, 0x0000000800000000)
  region size 4096K, 7 young (28672K), 7 survivors (28672K)
 Metaspace       used 210383K, committed 212416K, reserved 1245184K
  class space    used 25927K, committed 26880K, reserved 1048576K
}
Event: 2437.232 GC heap before
{Heap before GC invocations=182 (full 0):
 garbage-first heap   total 4456448K, used 1009133K [0x0000000600000000, 0x0000000800000000)
  region size 4096K, 54 young (221184K), 7 survivors (28672K)
 Metaspace       used 210383K, committed 212416K, reserved 1245184K
  class space    used 25927K, committed 26880K, reserved 1048576K
}
Event: 2437.369 GC heap after
{Heap after GC invocations=183 (full 0):
 garbage-first heap   total 4456448K, used 831589K [0x0000000600000000, 0x0000000800000000)
  region size 4096K, 4 young (16384K), 4 survivors (16384K)
 Metaspace       used 210383K, committed 212416K, reserved 1245184K
  class space    used 25927K, committed 26880K, reserved 1048576K
}
Event: 2439.137 GC heap before
{Heap before GC invocations=183 (full 0):
 garbage-first heap   total 4456448K, used 1249381K [0x0000000600000000, 0x0000000800000000)
  region size 4096K, 107 young (438272K), 4 survivors (16384K)
 Metaspace       used 210383K, committed 212416K, reserved 1245184K
  class space    used 25927K, committed 26880K, reserved 1048576K
}
Event: 2439.562 GC heap after
{Heap after GC invocations=184 (full 0):
 garbage-first heap   total 4456448K, used 835800K [0x0000000600000000, 0x0000000800000000)
  region size 4096K, 5 young (20480K), 5 survivors (20480K)
 Metaspace       used 210383K, committed 212416K, reserved 1245184K
  class space    used 25927K, committed 26880K, reserved 1048576K
}
Event: 2440.406 GC heap before
{Heap before GC invocations=184 (full 0):
 garbage-first heap   total 4456448K, used 1233112K [0x0000000600000000, 0x0000000800000000)
  region size 4096K, 102 young (417792K), 5 survivors (20480K)
 Metaspace       used 210383K, committed 212416K, reserved 1245184K
  class space    used 25927K, committed 26880K, reserved 1048576K
}
Event: 2440.765 GC heap after
{Heap after GC invocations=185 (full 0):
 garbage-first heap   total 4456448K, used 836861K [0x0000000600000000, 0x0000000800000000)
  region size 4096K, 5 young (20480K), 5 survivors (20480K)
 Metaspace       used 210383K, committed 212416K, reserved 1245184K
  class space    used 25927K, committed 26880K, reserved 1048576K
}
Event: 2446.718 GC heap before
{Heap before GC invocations=185 (full 0):
 garbage-first heap   total 4456448K, used 1443069K [0x0000000600000000, 0x0000000800000000)
  region size 4096K, 154 young (630784K), 5 survivors (20480K)
 Metaspace       used 210383K, committed 212416K, reserved 1245184K
  class space    used 25927K, committed 26880K, reserved 1048576K
}
Event: 2446.741 GC heap after
{Heap after GC invocations=186 (full 0):
 garbage-first heap   total 4456448K, used 836833K [0x0000000600000000, 0x0000000800000000)
  region size 4096K, 5 young (20480K), 5 survivors (20480K)
 Metaspace       used 210383K, committed 212416K, reserved 1245184K
  class space    used 25927K, committed 26880K, reserved 1048576K
}
Event: 2480.706 GC heap before
{Heap before GC invocations=186 (full 0):
 garbage-first heap   total 4456448K, used 1897697K [0x0000000600000000, 0x0000000800000000)
  region size 4096K, 265 young (1085440K), 5 survivors (20480K)
 Metaspace       used 210804K, committed 212928K, reserved 1245184K
  class space    used 25961K, committed 26944K, reserved 1048576K
}
Event: 2480.756 GC heap after
{Heap after GC invocations=187 (full 0):
 garbage-first heap   total 4456448K, used 858149K [0x0000000600000000, 0x0000000800000000)
  region size 4096K, 10 young (40960K), 10 survivors (40960K)
 Metaspace       used 210804K, committed 212928K, reserved 1245184K
  class space    used 25961K, committed 26944K, reserved 1048576K
}
Event: 2488.350 GC heap before
{Heap before GC invocations=187 (full 0):
 garbage-first heap   total 4456448K, used 1472549K [0x0000000600000000, 0x0000000800000000)
  region size 4096K, 161 young (659456K), 10 survivors (40960K)
 Metaspace       used 210805K, committed 212928K, reserved 1245184K
  class space    used 25961K, committed 26944K, reserved 1048576K
}
Event: 2488.415 GC heap after
{Heap after GC invocations=188 (full 0):
 garbage-first heap   total 4456448K, used 876234K [0x0000000600000000, 0x0000000800000000)
  region size 4096K, 14 young (57344K), 14 survivors (57344K)
 Metaspace       used 210805K, committed 212928K, reserved 1245184K
  class space    used 25961K, committed 26944K, reserved 1048576K
}
Event: 2490.587 GC heap before
{Heap before GC invocations=188 (full 0):
 garbage-first heap   total 4456448K, used 1310410K [0x0000000600000000, 0x0000000800000000)
  region size 4096K, 121 young (495616K), 14 survivors (57344K)
 Metaspace       used 210805K, committed 212928K, reserved 1245184K
  class space    used 25961K, committed 26944K, reserved 1048576K
}
Event: 2491.140 GC heap after
{Heap after GC invocations=189 (full 0):
 garbage-first heap   total 4456448K, used 884043K [0x0000000600000000, 0x0000000800000000)
  region size 4096K, 9 young (36864K), 9 survivors (36864K)
 Metaspace       used 210805K, committed 212928K, reserved 1245184K
  class space    used 25961K, committed 26944K, reserved 1048576K
}
Event: 2492.112 GC heap before
{Heap before GC invocations=189 (full 0):
 garbage-first heap   total 4456448K, used 1064267K [0x0000000600000000, 0x0000000800000000)
  region size 4096K, 54 young (221184K), 9 survivors (36864K)
 Metaspace       used 210805K, committed 212928K, reserved 1245184K
  class space    used 25961K, committed 26944K, reserved 1048576K
}
Event: 2492.239 GC heap after
{Heap after GC invocations=190 (full 0):
 garbage-first heap   total 4456448K, used 887819K [0x0000000600000000, 0x0000000800000000)
  region size 4096K, 4 young (16384K), 4 survivors (16384K)
 Metaspace       used 210805K, committed 212928K, reserved 1245184K
  class space    used 25961K, committed 26944K, reserved 1048576K
}
Event: 2495.704 GC heap before
{Heap before GC invocations=190 (full 0):
 garbage-first heap   total 4456448K, used 1592331K [0x0000000600000000, 0x0000000800000000)
  region size 4096K, 177 young (724992K), 4 survivors (16384K)
 Metaspace       used 210805K, committed 212928K, reserved 1245184K
  class space    used 25961K, committed 26944K, reserved 1048576K
}

Dll operation events (16 events):
Event: 0.163 Loaded shared library F:\dev\java\bin\java.dll
Event: 0.230 Loaded shared library F:\dev\java\bin\jsvml.dll
Event: 0.607 Loaded shared library F:\dev\java\bin\zip.dll
Event: 0.625 Loaded shared library F:\dev\java\bin\instrument.dll
Event: 0.778 Loaded shared library F:\dev\java\bin\net.dll
Event: 0.928 Loaded shared library F:\dev\java\bin\nio.dll
Event: 0.939 Loaded shared library F:\dev\java\bin\zip.dll
Event: 25.616 Loaded shared library F:\dev\java\bin\jimage.dll
Event: 47.873 Loaded shared library F:\dev\java\bin\verify.dll
Event: 48.477 Loaded shared library C:\Users\panna\.gradle\native\1def1411415f61bf3af743bc5b6707747c0891f09f0c88961ee8f79bc544acac\windows-amd64\native-platform.dll
Event: 48.638 Loaded shared library C:\Users\panna\.gradle\native\0.2.7\x86_64-windows-gnu\gradle-fileevents.dll
Event: 98.829 Loaded shared library F:\dev\java\bin\management.dll
Event: 99.026 Loaded shared library F:\dev\java\bin\management_ext.dll
Event: 100.891 Loaded shared library F:\dev\java\bin\extnet.dll
Event: 102.586 Loaded shared library F:\dev\java\bin\sunmscapi.dll
Event: 1568.892 Loaded shared library F:\dev\java\bin\rmi.dll

Deoptimization events (20 events):
Event: 2293.733 Thread 0x00000201c70779b0 Uncommon trap: trap_request=0xffffffc6 fr.pc=0x0000020162002030 relative=0x0000000000000110
Event: 2293.734 Thread 0x00000201c70779b0 Uncommon trap: reason=bimorphic_or_optimized_type_check action=maybe_recompile pc=0x0000020162002030 method=java.util.stream.AbstractPipeline.exactOutputSizeIfKnown(Ljava/util/Spliterator;)J @ 16 c2
Event: 2293.734 Thread 0x00000201c70779b0 DEOPT PACKING pc=0x0000020162002030 sp=0x000000e0ad6f77c0
Event: 2293.734 Thread 0x00000201c70779b0 DEOPT UNPACKING pc=0x00000201604f69a3 sp=0x000000e0ad6f7730 mode 2
Event: 2401.727 Thread 0x00000201c70779b0 DEOPT PACKING pc=0x00000201552cd700 sp=0x000000e0ad6f61f0
Event: 2401.728 Thread 0x00000201c70779b0 DEOPT UNPACKING pc=0x00000201604f7143 sp=0x000000e0ad6f5790 mode 0
Event: 2406.930 Thread 0x00000201c70779b0 Uncommon trap: trap_request=0xffffff45 fr.pc=0x00000201626daaf4 relative=0x00000000000040f4
Event: 2406.930 Thread 0x00000201c70779b0 Uncommon trap: reason=unstable_if action=reinterpret pc=0x00000201626daaf4 method=groovyjarjarasm.asm.SymbolTable.addType(Ljava/lang/String;)I @ 33 c2
Event: 2406.930 Thread 0x00000201c70779b0 DEOPT PACKING pc=0x00000201626daaf4 sp=0x000000e0ad6f5e60
Event: 2406.932 Thread 0x00000201c70779b0 DEOPT UNPACKING pc=0x00000201604f69a3 sp=0x000000e0ad6f5d78 mode 2
Event: 2412.088 Thread 0x00000201c70779b0 DEOPT PACKING pc=0x0000020153c1f2ac sp=0x000000e0ad6f8390
Event: 2412.088 Thread 0x00000201c70779b0 DEOPT UNPACKING pc=0x00000201604f7143 sp=0x000000e0ad6f7810 mode 0
Event: 2449.909 Thread 0x00000201c70779b0 DEOPT PACKING pc=0x0000020150f4f4b7 sp=0x000000e0ad6f5b80
Event: 2449.910 Thread 0x00000201c70779b0 DEOPT UNPACKING pc=0x00000201604f7143 sp=0x000000e0ad6f5040 mode 0
Event: 2452.545 Thread 0x00000201c70779b0 DEOPT PACKING pc=0x00000201522c1142 sp=0x000000e0ad6efb60
Event: 2452.545 Thread 0x00000201c70779b0 DEOPT UNPACKING pc=0x00000201604f7143 sp=0x000000e0ad6ef068 mode 0
Event: 2453.519 Thread 0x00000201c70779b0 Uncommon trap: trap_request=0xffffff5c fr.pc=0x0000020162af5578 relative=0x00000000000004b8
Event: 2453.519 Thread 0x00000201c70779b0 Uncommon trap: reason=speculate_null_check action=make_not_entrant pc=0x0000020162af5578 method=org.jetbrains.kotlin.codegen.optimization.nullCheck.RedundantNullCheckMethodTransformerKt.isCheckExpressionValueIsNotNull(Lorg/jetbrains/org/objectweb/asm/tree
Event: 2453.519 Thread 0x00000201c70779b0 DEOPT PACKING pc=0x0000020162af5578 sp=0x000000e0ad6f4320
Event: 2453.519 Thread 0x00000201c70779b0 DEOPT UNPACKING pc=0x00000201604f69a3 sp=0x000000e0ad6f4260 mode 2

Classes loaded (20 events):
Event: 1887.559 Loading class java/util/regex/MatcherCustomizer
Event: 1887.559 Loading class java/util/regex/MatcherCustomizer done
Event: 1887.560 Loading class java/util/regex/MatcherCustomizer
Event: 1887.560 Loading class java/util/regex/MatcherCustomizer done
Event: 1966.433 Loading class java/util/ArrayListBeanInfo
Event: 1966.434 Loading class java/util/ArrayListBeanInfo done
Event: 1966.434 Loading class java/util/ArrayListBeanInfo
Event: 1966.434 Loading class java/util/ArrayListBeanInfo done
Event: 1966.435 Loading class java/util/AbstractListBeanInfo
Event: 1966.435 Loading class java/util/AbstractListBeanInfo done
Event: 1966.435 Loading class java/util/AbstractListBeanInfo
Event: 1966.435 Loading class java/util/AbstractListBeanInfo done
Event: 1966.435 Loading class java/util/AbstractListCustomizer
Event: 1966.435 Loading class java/util/AbstractListCustomizer done
Event: 1966.435 Loading class java/util/AbstractListCustomizer
Event: 1966.435 Loading class java/util/AbstractListCustomizer done
Event: 1966.437 Loading class java/util/ArrayListCustomizer
Event: 1966.437 Loading class java/util/ArrayListCustomizer done
Event: 1966.437 Loading class java/util/ArrayListCustomizer
Event: 1966.437 Loading class java/util/ArrayListCustomizer done

Classes unloaded (20 events):
Event: 2380.281 Thread 0x000002017fb02010 Unloading class 0x00000201829f47d0 '_BuildScript_$_run_closure2$_closure6'
Event: 2380.281 Thread 0x000002017fb02010 Unloading class 0x00000201829f43e8 '_BuildScript_$_run_closure2$_closure5'
Event: 2380.281 Thread 0x000002017fb02010 Unloading class 0x00000201829f4000 '_BuildScript_$_run_closure2'
Event: 2380.281 Thread 0x000002017fb02010 Unloading class 0x00000201829f7920 '_BuildScript_$_run_closure1$_closure4'
Event: 2380.281 Thread 0x000002017fb02010 Unloading class 0x00000201829f7538 '_BuildScript_$_run_closure1'
Event: 2380.281 Thread 0x000002017fb02010 Unloading class 0x00000201829f7000 '_BuildScript_'
Event: 2380.282 Thread 0x000002017fb02010 Unloading class 0x0000020182a02000 '_BuildScript_$_run_closure1$_closure3'
Event: 2380.282 Thread 0x000002017fb02010 Unloading class 0x0000020182a0a920 '_BuildScript_$_run_closure1$_closure2'
Event: 2380.282 Thread 0x000002017fb02010 Unloading class 0x0000020182a0a538 '_BuildScript_$_run_closure1'
Event: 2380.282 Thread 0x000002017fb02010 Unloading class 0x0000020182a0a000 '_BuildScript_'
Event: 2380.284 Thread 0x000002017fb02010 Unloading class 0x0000020182a047d0 '_BuildScript_$_run_closure2$_closure7'
Event: 2380.284 Thread 0x000002017fb02010 Unloading class 0x0000020182a043e8 '_BuildScript_$_run_closure2$_closure6$_closure9'
Event: 2380.284 Thread 0x000002017fb02010 Unloading class 0x0000020182a04000 '_BuildScript_$_run_closure2$_closure6$_closure8'
Event: 2380.284 Thread 0x000002017fb02010 Unloading class 0x0000020182a0fbb8 '_BuildScript_$_run_closure2$_closure6'
Event: 2380.284 Thread 0x000002017fb02010 Unloading class 0x0000020182a0f7d0 '_BuildScript_$_run_closure2$_closure5'
Event: 2380.284 Thread 0x000002017fb02010 Unloading class 0x0000020182a0f3e8 '_BuildScript_$_run_closure2$_closure4'
Event: 2380.284 Thread 0x000002017fb02010 Unloading class 0x0000020182a0f000 '_BuildScript_$_run_closure2'
Event: 2380.284 Thread 0x000002017fb02010 Unloading class 0x0000020182984be8 '_BuildScript_$_run_closure1$_closure3'
Event: 2380.284 Thread 0x000002017fb02010 Unloading class 0x0000020182984800 '_BuildScript_$_run_closure1'
Event: 2380.284 Thread 0x000002017fb02010 Unloading class 0x00000201829a1800 '_BuildScript_'

Classes redefined (0 events):
No events

Internal exceptions (20 events):
Event: 2491.912 Thread 0x00000201ca100080 Exception <a 'sun/nio/fs/WindowsException'{0x0000000707f7e6e8}> (0x0000000707f7e6e8) 
thrown [s\src\hotspot\share\prims\jni.cpp, line 516]
Event: 2491.970 Thread 0x00000201c7536470 Exception <a 'sun/nio/fs/WindowsException'{0x0000000707026800}> (0x0000000707026800) 
thrown [s\src\hotspot\share\prims\jni.cpp, line 516]
Event: 2492.042 Thread 0x00000201ca0fd800 Exception <a 'sun/nio/fs/WindowsException'{0x00000007065abe60}> (0x00000007065abe60) 
thrown [s\src\hotspot\share\prims\jni.cpp, line 516]
Event: 2492.098 Thread 0x00000201ca103830 Exception <a 'sun/nio/fs/WindowsException'{0x000000070637ce58}> (0x000000070637ce58) 
thrown [s\src\hotspot\share\prims\jni.cpp, line 516]
Event: 2492.098 Thread 0x00000201ca0fe220 Exception <a 'sun/nio/fs/WindowsException'{0x00000007061a3868}> (0x00000007061a3868) 
thrown [s\src\hotspot\share\prims\jni.cpp, line 516]
Event: 2492.098 Thread 0x00000201c7538cf0 Exception <a 'sun/nio/fs/WindowsException'{0x0000000705ab9758}> (0x0000000705ab9758) 
thrown [s\src\hotspot\share\prims\jni.cpp, line 516]
Event: 2492.247 Thread 0x00000201c753cec0 Exception <a 'sun/nio/fs/WindowsException'{0x000000070fb38e20}> (0x000000070fb38e20) 
thrown [s\src\hotspot\share\prims\jni.cpp, line 516]
Event: 2492.365 Thread 0x00000201c75382d0 Exception <a 'sun/nio/fs/WindowsException'{0x000000070e2dc308}> (0x000000070e2dc308) 
thrown [s\src\hotspot\share\prims\jni.cpp, line 516]
Event: 2492.413 Thread 0x00000201c753a130 Exception <a 'sun/nio/fs/WindowsException'{0x000000070ff31aa8}> (0x000000070ff31aa8) 
thrown [s\src\hotspot\share\prims\jni.cpp, line 516]
Event: 2492.511 Thread 0x00000201c75373a0 Exception <a 'sun/nio/fs/WindowsException'{0x000000070c6ad2e8}> (0x000000070c6ad2e8) 
thrown [s\src\hotspot\share\prims\jni.cpp, line 516]
Event: 2492.804 Thread 0x00000201ca0fdd10 Exception <a 'sun/nio/fs/WindowsException'{0x000000070917d480}> (0x000000070917d480) 
thrown [s\src\hotspot\share\prims\jni.cpp, line 516]
Event: 2492.899 Thread 0x00000201c753d8e0 Exception <a 'sun/nio/fs/WindowsException'{0x000000070844f2d0}> (0x000000070844f2d0) 
thrown [s\src\hotspot\share\prims\jni.cpp, line 516]
Event: 2493.803 Thread 0x00000201c75373a0 Exception <a 'sun/nio/fs/WindowsException'{0x00000006fcbc24b8}> (0x00000006fcbc24b8) 
thrown [s\src\hotspot\share\prims\jni.cpp, line 516]
Event: 2494.173 Thread 0x00000201c753d8e0 Exception <a 'sun/nio/fs/WindowsException'{0x00000006f94d6f38}> (0x00000006f94d6f38) 
thrown [s\src\hotspot\share\prims\jni.cpp, line 516]
Event: 2494.620 Thread 0x00000201ca0fd800 Exception <a 'sun/nio/fs/WindowsException'{0x00000006f300ed30}> (0x00000006f300ed30) 
thrown [s\src\hotspot\share\prims\jni.cpp, line 516]
Event: 2494.828 Thread 0x00000201c7536470 Exception <a 'sun/nio/fs/WindowsException'{0x00000006f0c7eb40}> (0x00000006f0c7eb40) 
thrown [s\src\hotspot\share\prims\jni.cpp, line 516]
Event: 2494.841 Thread 0x00000201c7538cf0 Exception <a 'sun/nio/fs/WindowsException'{0x00000006f0c53948}> (0x00000006f0c53948) 
thrown [s\src\hotspot\share\prims\jni.cpp, line 516]
Event: 2494.891 Thread 0x00000201c753cec0 Exception <a 'sun/nio/fs/WindowsException'{0x00000006f0356338}> (0x00000006f0356338) 
thrown [s\src\hotspot\share\prims\jni.cpp, line 516]
Event: 2495.008 Thread 0x00000201ca0fe220 Exception <a 'sun/nio/fs/WindowsException'{0x00000006eec62df8}> (0x00000006eec62df8) 
thrown [s\src\hotspot\share\prims\jni.cpp, line 516]
Event: 2495.015 Thread 0x00000201c753a130 Exception <a 'sun/nio/fs/WindowsException'{0x00000006ee58ad88}> (0x00000006ee58ad88) 
thrown [s\src\hotspot\share\prims\jni.cpp, line 516]

VM Operations (20 events):
Event: 2479.742 Executing VM operation: Cleanup done
Event: 2480.704 Executing VM operation: G1CollectForAllocation
Event: 2480.756 Executing VM operation: G1CollectForAllocation done
Event: 2484.757 Executing VM operation: Cleanup
Event: 2484.765 Executing VM operation: Cleanup done
Event: 2486.766 Executing VM operation: Cleanup
Event: 2486.766 Executing VM operation: Cleanup done
Event: 2488.350 Executing VM operation: G1CollectForAllocation
Event: 2488.415 Executing VM operation: G1CollectForAllocation done
Event: 2489.416 Executing VM operation: Cleanup
Event: 2489.417 Executing VM operation: Cleanup done
Event: 2490.417 Executing VM operation: Cleanup
Event: 2490.420 Executing VM operation: Cleanup done
Event: 2490.586 Executing VM operation: G1CollectForAllocation
Event: 2491.140 Executing VM operation: G1CollectForAllocation done
Event: 2492.106 Executing VM operation: G1CollectForAllocation
Event: 2492.239 Executing VM operation: G1CollectForAllocation done
Event: 2495.701 Executing VM operation: G1CollectForAllocation
Event: 2495.702 Executing VM operation: G1CollectForAllocation done
Event: 2495.703 Executing VM operation: G1CollectForAllocation

Memory protections (0 events):
No events

Nmethod flushes (20 events):
Event: 2453.632 Thread 0x000002017fb301e0 flushing  nmethod 0x00000201542e0890
Event: 2453.632 Thread 0x000002017fb301e0 flushing  nmethod 0x00000201542e8a90
Event: 2453.632 Thread 0x000002017fb301e0 flushing  nmethod 0x00000201542f5390
Event: 2453.634 Thread 0x000002017fb301e0 flushing  nmethod 0x000002015430e310
Event: 2453.692 Thread 0x000002017fb301e0 flushing  nmethod 0x0000020154e11d90
Event: 2453.693 Thread 0x000002017fb301e0 flushing  nmethod 0x0000020154e30190
Event: 2453.698 Thread 0x000002017fb301e0 flushing  nmethod 0x0000020154ed8490
Event: 2453.702 Thread 0x000002017fb301e0 flushing  nmethod 0x0000020154f9ce10
Event: 2453.704 Thread 0x000002017fb301e0 flushing  nmethod 0x0000020154fbb710
Event: 2453.704 Thread 0x000002017fb301e0 flushing  nmethod 0x0000020154fc0890
Event: 2453.704 Thread 0x000002017fb301e0 flushing  nmethod 0x0000020154fc1010
Event: 2453.704 Thread 0x000002017fb301e0 flushing  nmethod 0x0000020154fd8890
Event: 2453.705 Thread 0x000002017fb301e0 flushing  nmethod 0x0000020154fe4990
Event: 2453.708 Thread 0x000002017fb301e0 flushing  nmethod 0x0000020155049c90
Event: 2453.712 Thread 0x000002017fb301e0 flushing  nmethod 0x00000201550d5690
Event: 2453.715 Thread 0x000002017fb301e0 flushing  nmethod 0x000002015510cf10
Event: 2453.715 Thread 0x000002017fb301e0 flushing  nmethod 0x0000020155116a90
Event: 2453.756 Thread 0x000002017fb301e0 flushing  nmethod 0x0000020155889c90
Event: 2453.757 Thread 0x000002017fb301e0 flushing  nmethod 0x00000201558b9410
Event: 2453.758 Thread 0x000002017fb301e0 flushing  nmethod 0x0000020155947290

Events (20 events):
Event: 2379.729 Thread 0x00000201cb37c5d0 Thread exited: 0x00000201cb37c5d0
Event: 2410.103 Thread 0x000002017fb2f8d0 Thread added: 0x00000201c5423370
Event: 2412.105 Thread 0x00000201c5423370 Thread exited: 0x00000201c5423370
Event: 2416.630 Thread 0x000002017fb09340 Thread added: 0x00000201e148f540
Event: 2416.631 Thread 0x000002017fb09340 Thread added: 0x00000201e148fa90
Event: 2416.632 Thread 0x000002017fb09340 Thread added: 0x00000201e148ffe0
Event: 2418.202 Thread 0x00000201e148ffe0 Thread exited: 0x00000201e148ffe0
Event: 2418.202 Thread 0x00000201e148fa90 Thread exited: 0x00000201e148fa90
Event: 2419.183 Thread 0x00000201e148f540 Thread exited: 0x00000201e148f540
Event: 2451.887 Thread 0x000002017fb2f8d0 Thread added: 0x00000201cd225850
Event: 2452.667 Thread 0x000002017fb2f8d0 Thread added: 0x00000201e2e51e70
Event: 2452.759 Thread 0x00000201e2e51e70 Thread added: 0x00000201e17d1060
Event: 2457.077 Thread 0x00000201e17d1060 Thread exited: 0x00000201e17d1060
Event: 2457.117 Thread 0x00000201cd225850 Thread exited: 0x00000201cd225850
Event: 2457.839 Thread 0x00000201e2e51e70 Thread exited: 0x00000201e2e51e70
Event: 2464.415 Thread 0x000002017fb09340 Thread added: 0x00000201cd225da0
Event: 2464.415 Thread 0x000002017fb09340 Thread added: 0x00000201cd225850
Event: 2465.123 Thread 0x00000201cd225850 Thread exited: 0x00000201cd225850
Event: 2465.661 Thread 0x00000201cd225da0 Thread exited: 0x00000201cd225da0
Event: 2469.430 Thread 0x00000201ca6794a0 Thread added: 0x00000201ce67eb00


Dynamic libraries:
0x00007ff61c750000 - 0x00007ff61c75e000 	F:\dev\java\bin\java.exe
0x00007ffa834a0000 - 0x00007ffa83706000 	C:\WINDOWS\SYSTEM32\ntdll.dll
0x00007ffa81610000 - 0x00007ffa816d9000 	C:\WINDOWS\System32\KERNEL32.DLL
0x00007ffa807e0000 - 0x00007ffa80bdf000 	C:\WINDOWS\System32\KERNELBASE.dll
0x00007ffa80ce0000 - 0x00007ffa80e2c000 	C:\WINDOWS\System32\ucrtbase.dll
0x00007ffa7b440000 - 0x00007ffa7b458000 	F:\dev\java\bin\jli.dll
0x00007ffa7b420000 - 0x00007ffa7b43e000 	F:\dev\java\bin\VCRUNTIME140.dll
0x00007ffa81730000 - 0x00007ffa818f6000 	C:\WINDOWS\System32\USER32.dll
0x00007ffa65870000 - 0x00007ffa65b01000 	C:\WINDOWS\WinSxS\amd64_microsoft.windows.common-controls_6595b64144ccf1df_6.0.26100.8972_none_3e0da176e32f9d4b\COMCTL32.dll
0x00007ffa80bf0000 - 0x00007ffa80c17000 	C:\WINDOWS\System32\win32u.dll
0x00007ffa81380000 - 0x00007ffa81429000 	C:\WINDOWS\System32\msvcrt.dll
0x00007ffa82890000 - 0x00007ffa828bb000 	C:\WINDOWS\System32\GDI32.dll
0x00007ffa806b0000 - 0x00007ffa807d9000 	C:\WINDOWS\System32\gdi32full.dll
0x00007ffa80e40000 - 0x00007ffa80ee3000 	C:\WINDOWS\System32\msvcp_win.dll
0x00007ffa81340000 - 0x00007ffa81372000 	C:\WINDOWS\System32\IMM32.DLL
0x00007ffa7b410000 - 0x00007ffa7b41c000 	F:\dev\java\bin\vcruntime140_1.dll
0x00007ffa7b350000 - 0x00007ffa7b3dd000 	F:\dev\java\bin\msvcp140.dll
0x00007ff9e1340000 - 0x00007ff9e1fab000 	F:\dev\java\bin\server\jvm.dll
0x00007ffa82730000 - 0x00007ffa827ec000 	C:\WINDOWS\System32\ADVAPI32.dll
0x00007ffa81b60000 - 0x00007ffa81c0a000 	C:\WINDOWS\System32\sechost.dll
0x00007ffa82400000 - 0x00007ffa82518000 	C:\WINDOWS\System32\RPCRT4.dll
0x00007ffa82f40000 - 0x00007ffa82fc2000 	C:\WINDOWS\System32\WS2_32.dll
0x00007ffa80510000 - 0x00007ffa8056e000 	C:\WINDOWS\SYSTEM32\POWRPROF.dll
0x00007ffa76cb0000 - 0x00007ffa76cbb000 	C:\WINDOWS\SYSTEM32\VERSION.dll
0x00007ffa73480000 - 0x00007ffa734b6000 	C:\WINDOWS\SYSTEM32\WINMM.dll
0x00007ffa804f0000 - 0x00007ffa80505000 	C:\WINDOWS\SYSTEM32\UMPDC.dll
0x00007ffa7f3a0000 - 0x00007ffa7f3bb000 	C:\WINDOWS\SYSTEM32\kernel.appcore.dll
0x00007ffa7b400000 - 0x00007ffa7b40a000 	F:\dev\java\bin\jimage.dll
0x00007ffa75f30000 - 0x00007ffa76172000 	C:\WINDOWS\SYSTEM32\DBGHELP.DLL
0x00007ffa830d0000 - 0x00007ffa83455000 	C:\WINDOWS\System32\combase.dll
0x00007ffa82620000 - 0x00007ffa826f9000 	C:\WINDOWS\System32\OLEAUT32.dll
0x00007ffa47460000 - 0x00007ffa4749b000 	C:\WINDOWS\SYSTEM32\dbgcore.DLL
0x00007ffa80c20000 - 0x00007ffa80ccc000 	C:\WINDOWS\System32\bcryptPrimitives.dll
0x00007ffa7b340000 - 0x00007ffa7b34e000 	F:\dev\java\bin\instrument.dll
0x00007ffa46e00000 - 0x00007ffa46e25000 	F:\dev\java\bin\java.dll
0x00007ffa26950000 - 0x00007ffa26a27000 	F:\dev\java\bin\jsvml.dll
0x00007ffa81c10000 - 0x00007ffa82398000 	C:\WINDOWS\System32\SHELL32.dll
0x00007ffa7e140000 - 0x00007ffa7e9db000 	C:\WINDOWS\SYSTEM32\windows.storage.dll
0x00007ffa82520000 - 0x00007ffa82619000 	C:\WINDOWS\System32\SHCORE.dll
0x00007ffa81ae0000 - 0x00007ffa81b46000 	C:\WINDOWS\System32\shlwapi.dll
0x00007ffa805d0000 - 0x00007ffa805f9000 	C:\WINDOWS\SYSTEM32\profapi.dll
0x00007ffa7b320000 - 0x00007ffa7b338000 	F:\dev\java\bin\zip.dll
0x00007ffa619d0000 - 0x00007ffa619ea000 	F:\dev\java\bin\net.dll
0x00007ffa78b50000 - 0x00007ffa78c78000 	C:\WINDOWS\SYSTEM32\WINHTTP.dll
0x00007ffa7f950000 - 0x00007ffa7f9bc000 	C:\WINDOWS\system32\mswsock.dll
0x00007ffa46d30000 - 0x00007ffa46d46000 	F:\dev\java\bin\nio.dll
0x00007ffa5ba60000 - 0x00007ffa5ba70000 	F:\dev\java\bin\verify.dll
0x00007ff9fbfe0000 - 0x00007ff9fc007000 	C:\Users\panna\.gradle\native\1def1411415f61bf3af743bc5b6707747c0891f09f0c88961ee8f79bc544acac\windows-amd64\native-platform.dll
0x00007ffa268d0000 - 0x00007ffa26948000 	C:\Users\panna\.gradle\native\0.2.7\x86_64-windows-gnu\gradle-fileevents.dll
0x00007ffa46df0000 - 0x00007ffa46dfa000 	F:\dev\java\bin\management.dll
0x00007ffa46dd0000 - 0x00007ffa46ddc000 	F:\dev\java\bin\management_ext.dll
0x00007ffa81430000 - 0x00007ffa81438000 	C:\WINDOWS\System32\PSAPI.DLL
0x00007ffa7ed80000 - 0x00007ffa7edb3000 	C:\WINDOWS\SYSTEM32\IPHLPAPI.DLL
0x00007ffa815e0000 - 0x00007ffa815ea000 	C:\WINDOWS\System32\NSI.dll
0x00007ffa78ec0000 - 0x00007ffa78edd000 	C:\WINDOWS\SYSTEM32\dhcpcsvc6.DLL
0x00007ffa78d50000 - 0x00007ffa78d75000 	C:\WINDOWS\SYSTEM32\dhcpcsvc.DLL
0x00007ffa7ee40000 - 0x00007ffa7ef98000 	C:\WINDOWS\SYSTEM32\DNSAPI.dll
0x00007ffa7f6e0000 - 0x00007ffa7f6ed000 	C:\WINDOWS\SYSTEM32\DSPARSE.dll
0x00007ffa43ea0000 - 0x00007ffa43ea9000 	F:\dev\java\bin\extnet.dll
0x00007ffa7fc40000 - 0x00007ffa7fc5b000 	C:\WINDOWS\SYSTEM32\CRYPTSP.dll
0x00007ffa7f300000 - 0x00007ffa7f339000 	C:\WINDOWS\system32\rsaenh.dll
0x00007ffa7fa00000 - 0x00007ffa7fa32000 	C:\WINDOWS\SYSTEM32\USERENV.dll
0x00007ffa805a0000 - 0x00007ffa805ca000 	C:\WINDOWS\SYSTEM32\bcrypt.dll
0x00007ffa7fc60000 - 0x00007ffa7fc6c000 	C:\WINDOWS\SYSTEM32\CRYPTBASE.dll
0x00007ffa43e90000 - 0x00007ffa43e9e000 	F:\dev\java\bin\sunmscapi.dll
0x00007ffa80fb0000 - 0x00007ffa8112e000 	C:\WINDOWS\System32\CRYPT32.dll
0x00007ffa7fe80000 - 0x00007ffa7feb0000 	C:\WINDOWS\SYSTEM32\ncrypt.dll
0x00007ffa7fe30000 - 0x00007ffa7fe6f000 	C:\WINDOWS\SYSTEM32\NTASN1.dll
0x00007ffa619c0000 - 0x00007ffa619c8000 	C:\WINDOWS\system32\wshunix.dll
0x00007ffa7f4d0000 - 0x00007ffa7f506000 	C:\WINDOWS\SYSTEM32\ntmarta.dll
0x00007ffa78ef0000 - 0x00007ffa78efb000 	C:\Windows\System32\rasadhlp.dll
0x00007ffa79850000 - 0x00007ffa798d6000 	C:\WINDOWS\System32\fwpuclnt.dll
0x00007ffa4d940000 - 0x00007ffa4d958000 	C:\WINDOWS\system32\napinsp.dll
0x00007ffa4d920000 - 0x00007ffa4d933000 	C:\WINDOWS\System32\winrnr.dll
0x00007ffa4d8f0000 - 0x00007ffa4d912000 	C:\WINDOWS\system32\nlansp_c.dll
0x00007ffa78140000 - 0x00007ffa78156000 	C:\WINDOWS\system32\wshbth.dll
0x00007ffa633a0000 - 0x00007ffa633a7000 	F:\dev\java\bin\rmi.dll

dbghelp: loaded successfully - version: 4.0.5 - missing functions: none
symbol engine: initialized successfully - sym options: 0x614 - pdb path: .;F:\dev\java\bin;C:\WINDOWS\SYSTEM32;C:\WINDOWS\WinSxS\amd64_microsoft.windows.common-controls_6595b64144ccf1df_6.0.26100.8972_none_3e0da176e32f9d4b;F:\dev\java\bin\server;C:\Users\panna\.gradle\native\1def1411415f61bf3af743bc5b6707747c0891f09f0c88961ee8f79bc544acac\windows-amd64;C:\Users\panna\.gradle\native\0.2.7\x86_64-windows-gnu

VM Arguments:
jvm_args: --add-opens=java.base/java.lang=ALL-UNNAMED --add-opens=java.base/java.lang.invoke=ALL-UNNAMED --add-opens=java.base/java.util=ALL-UNNAMED --add-opens=java.prefs/java.util.prefs=ALL-UNNAMED --add-exports=jdk.compiler/com.sun.tools.javac.api=ALL-UNNAMED --add-exports=jdk.compiler/com.sun.tools.javac.util=ALL-UNNAMED --add-opens=java.base/java.util=ALL-UNNAMED --add-opens=java.prefs/java.util.prefs=ALL-UNNAMED --add-opens=java.base/java.nio.charset=ALL-UNNAMED --add-opens=java.base/java.net=ALL-UNNAMED --add-opens=java.base/java.util.concurrent.atomic=ALL-UNNAMED --add-opens=java.xml/javax.xml.namespace=ALL-UNNAMED -XX:MaxMetaspaceSize=4G -XX:ReservedCodeCacheSize=512m -XX:+HeapDumpOnOutOfMemoryError -Xmx8G -Dfile.encoding=UTF-8 -Duser.country=IN -Duser.language=en -Duser.variant -javaagent:C:\Users\panna\.gradle\wrapper\dists\gradle-8.14-all\c2qonpi39x1mddn7hk5gh9iqj\gradle-8.14\lib\agents\gradle-instrumentation-agent-8.14.jar 
java_command: org.gradle.launcher.daemon.bootstrap.GradleDaemon 8.14
java_class_path (initial): C:\Users\panna\.gradle\wrapper\dists\gradle-8.14-all\c2qonpi39x1mddn7hk5gh9iqj\gradle-8.14\lib\gradle-daemon-main-8.14.jar
Launcher Type: SUN_STANDARD

[Global flags]
     intx CICompilerCount                          = 12                                        {product} {ergonomic}
     uint ConcGCThreads                            = 3                                         {product} {ergonomic}
     uint G1ConcRefinementThreads                  = 13                                        {product} {ergonomic}
   size_t G1HeapRegionSize                         = 4194304                                   {product} {ergonomic}
    uintx GCDrainStackTargetSize                   = 64                                        {product} {ergonomic}
     bool HeapDumpOnOutOfMemoryError               = true                                   {manageable} {command line}
   size_t InitialHeapSize                          = 125829120                                 {product} {ergonomic}
   size_t MarkStackSize                            = 4194304                                   {product} {ergonomic}
   size_t MaxHeapSize                              = 8589934592                                {product} {command line}
   size_t MaxMetaspaceSize                         = 4294967296                                {product} {command line}
   size_t MaxNewSize                               = 5150605312                                {product} {ergonomic}
   size_t MinHeapDeltaBytes                        = 4194304                                   {product} {ergonomic}
   size_t MinHeapSize                              = 8388608                                   {product} {ergonomic}
    uintx NonNMethodCodeHeapSize                   = 7602480                                {pd product} {ergonomic}
    uintx NonProfiledCodeHeapSize                  = 264634216                              {pd product} {ergonomic}
    uintx ProfiledCodeHeapSize                     = 264634216                              {pd product} {ergonomic}
    uintx ReservedCodeCacheSize                    = 536870912                              {pd product} {command line}
     bool SegmentedCodeCache                       = true                                      {product} {ergonomic}
   size_t SoftMaxHeapSize                          = 8589934592                             {manageable} {ergonomic}
   double SweeperThreshold                         = 0.234375                                  {product} {ergonomic}
     bool UseCompressedClassPointers               = true                           {product lp64_product} {ergonomic}
     bool UseCompressedOops                        = true                           {product lp64_product} {ergonomic}
     bool UseG1GC                                  = true                                      {product} {ergonomic}
     bool UseLargePagesIndividualAllocation        = false                                  {pd product} {ergonomic}

Logging:
Log output configuration:
 #0: stdout all=warning uptime,level,tags
 #1: stderr all=off uptime,level,tags

Environment Variables:
JAVA_HOME=C:\Program Files\Eclipse Adoptium\jdk-17.x.x
PATH=F:\dev\java\bin;C:\Python313\Scripts\;C:\Python313\;C:\Program Files\Common Files\Oracle\Java\javapath;C:\Windows\system32;C:\Windows;C:\Windows\System32\Wbem;C:\Windows\System32\WindowsPowerShell\v1.0\;C:\Windows\System32\OpenSSH\;C:\Program Files (x86)\NVIDIA Corporation\PhysX\Common;C:\Program Files\MySQL\MySQL Server 8.0\bin;C:\Program Files\NVIDIA Corporation\NVIDIA app\NvDLISR;C:\WINDOWS\system32;C:\WINDOWS;C:\WINDOWS\System32\Wbem;C:\WINDOWS\System32\WindowsPowerShell\v1.0\;C:\WINDOWS\System32\OpenSSH\;C:\Program Files\dotnet\;D:\Flutter\flutter\bin;E:\java\bin;E:\Git\cmd;C:\WINDOWS\sys;C:\Users\panna\AppData\Local\Pub\Cache\bin;F:\dev\nodejs\;C:\Python313\;C:\Program Files\Common Files\Oracle\Java\javapath;C:\Windows\system32;C:\Windows;C:\Windows\System32\Wbem;C:\Windows\System32\WindowsPowerShell\v1.0\;C:\Windows\System32\OpenSSH\;C:\Program Files (x86)\NVIDIA Corporation\PhysX\Common;C:\Program Files\MySQL\MySQL Server 8.0\bin;C:\Program Files\NVIDIA Corporation\NVIDIA app\NvDLISR;C:\WINDOWS\system32;C:\WINDOWS;C:\WINDOWS\System32\Wbem;C:\WINDOWS\System32\WindowsPowerShell\v1.0\;C:\WINDOWS\System32\OpenSSH\;C:\Program Files\dotnet\;E:\Git\cmd;E:\cursor\resources\app\bin;C:\WINDOWS\sys;C:\Python313\Scripts\;C:\Python313\;C:\Windows\system32;C:\Windows;C:\Windows\System32\Wbem;C:\Windows\System32\WindowsPowerShell\v1.0\;C:\Windows\System32\OpenSSH\;C:\Program Files (x86)\NVIDIA Corporation\PhysX\;F:\dev\flutter\flutter\bin;F:\dev\java\jdk-17\bin;C:\Users\panna\AppData\Roaming\npm;F:\dev\nodejs\;F:\dev\nodejs\npm-global;F:\dev\android\platform-tools;F:\dev\android\build-tools\28.0.3;D:\Microsoft VS Code\bin;E:\Antigravity\bin;C:\Users\panna\AppData\Local\Programs\Antigravity IDE\bin
USERNAME=panna
OS=Windows_NT
PROCESSOR_IDENTIFIER=AMD64 Family 23 Model 96 Stepping 1, AuthenticAMD
TMP=C:\Users\panna\AppData\Local\Temp
TEMP=C:\Users\panna\AppData\Local\Temp



Periodic native trim disabled


---------------  S Y S T E M  ---------------

OS:
 Windows 11 , 64 bit Build 26100 (10.0.26100.9168)
OS uptime: 0 days 0:55 hours
Hyper-V role detected

CPU: total 16 (initial active 16) (16 cores per cpu, 2 threads per core) family 23 model 96 stepping 1 microcode 0x8600106, cx8, cmov, fxsr, ht, mmx, 3dnowpref, sse, sse2, sse3, ssse3, sse4a, sse4.1, sse4.2, popcnt, lzcnt, tsc, tscinvbit, avx, avx2, aes, clmul, bmi1, bmi2, adx, sha, fma, vzeroupper, clflush, clflushopt, hv
Processor Information for all 16 processors :
  Max Mhz: 2901, Current Mhz: 2901, Mhz Limit: 2901

Memory: 4k page, system-wide physical 7598M (208M free)
TotalPageFile size 28270M (AvailPageFile size 371M)
current process WorkingSet (physical memory assigned to process): 1575M, peak: 2567M
current process commit charge ("private bytes"): 5164M, peak: 5984M

vm_info: OpenJDK 64-Bit Server VM (17.0.17+10) for windows-amd64 JRE (17.0.17+10), built on Oct 21 2025 23:25:32 by "admin" with unknown MS VC++:1942

END.
